word,frequency
Here,57
is,695
our,81
forecast,13
Traveling,2
to,1678
have,421
a,865
business,20
meeting,82
takes,5
the,2419
fun,2
out,113
of,876
trip,8
,2677
Especially,2
if,152
you,721
prepare,2
presentation,12
I,836
would,229
suggest,3
holding,3
plan,60
meetings,16
here,34
then,51
take,39
without,15
any,119
formal,4
even,17
try,34
and,991
get,102
some,99
honest,2
opinions,3
on,834
whether,9
desired,6
or,213
necessary,14
As,71
far,14
as,244
,4113
think,65
it,253
be,433
more,73
productive,2
stimulate,2
discussions,10
across,18
different,31
groups,4
about,103
what,80
working,15
not,231
Too,2
often,5
presenter,2
speaks,2
others,9
are,368
quiet,4
just,56
waiting,4
for,665
their,50
turn,7
The,260
might,35
better,20
held,13
in,602
round,8
table,16
discussion,4
format,5
My,29
suggestion,3
where,14
go,38
Austin,33
Play,2
golf,3
rent,40
ski,5
boat,2
jet,2
s,186
Flying,2
somewhere,3
too,14
much,31
time,83
test,1
successful,8
way,27
,39
Randy,9
Can,52
send,37
me,155
schedule,22
salary,3
level,11
everyone,5
scheduling,5
group,8
Plus,3
your,266
thoughts,5
changes,10
that,443
need,140
made,12
,399
Patti,6
S,50
example,7
,418
Phillip,648
Let,35
shoot,1
Tuesday,20
at,206
Greg,20
How,15
either,15
next,32
Thursday,25
,636
Please,137
cc,224
following,37
distribution,8
list,62
with,308
updates,10
,1357
Allen,103
pallen,45
,2779
enroncom,148
Mike,64
Grigsby,8
mikegrigsby,3
Keith,62
Holst,12
kholst,5
Monique,8
Sanchez,2
Frank,42
Ermis,4
John,84
Lavorato,6
Thank,49
help,40
morning,27
between,31
login,2
pw,4
do,150
nt,104
these,82
required,16
by,390
ISP,1
static,1
IP,2
address,32
Sub,1
gate,1
DNS,1
Company,18
RC,2
,5583
Forwarded,222
K,338
AllenHOUECT,315
PM,274
,430
,304
Buckner,3
Buck,2
,247
buckbuckner,1
honeywellcom,1
,417
To,266
,196
Pallen,1
Enroncom,2
,117
Pallen,1
Subject,235
FW,3
fixed,15
forward,40
other,53
Collar,1
floor,13
gas,93
price,71
terms,19
discussed,11
during,14
phone,19
conversation,3
In,34
Parallon,1
microturbine,2
power,73
generation,15
deal,51
national,1
accounts,4
customer,6
am,114
developing,3
proposal,9
sell,15
collarfloor,1
so,82
corresponding,1
term,9
same,27
Microturbine,2
an,140
onsite,5
product,12
developed,3
Honeywell,2
generate,5
electricity,9
site,37
degen,1
using,31
natural,10
doing,12
best,15
years,17
annualseasonal,1
supply,8
microturbines,3
kWh,3
We,101
opportunity,14
them,45
turbines,1
themselves,3
must,11
limited,1
no,37
risk,26
make,49
work,86
Therein,1
comes,4
Sempra,3
energy,7
trading,25
truly,8
proposing,3
installing,1
units,50
large,10
number,32
stores,1
San,50
Diego,6
Store,1
varies,1
because,12
installation,1
hurdles,1
face,1
small,13
percent,2
For,28
hours,14
day,36
run,14
Gas,69
requirement,10
MMcf,2
per,34
year,44
will,363
likely,12
consumed,1
from,203
May,20
through,25
September,16
peak,5
electric,3
period,12
Burnertip,1
behind,11
LDC,1
,134
Electric,3
Need,2
detail,6
breakout,1
commodity,2
transport,20
cost,85
firm,12
interruptible,1
Should,4
additional,26
questions,54
give,30
call,72
assure,4
this,364
real,13
PE,1
MBA,1
Manager,12
Business,3
Development,2
Planning,1
Big,1
Box,3
Retail,1
Sales,3
Power,27
Systems,4
Inc,11
Pan,1
American,4
Frwy,1
Albuquerque,1
NM,2
Mr,3
delivered,3
Enron,346
Energy,24
Services,8
appropriate,7
entity,8
forwarded,4
request,22
Zarin,1
Imam,1
EES,202
Her,3
Lucy,45
rentrolls,1
Open,3
save,6
rentroll,22
folder,2
Follow,1
steps,1
misplace,1
files,5
Click,11
Save,4
drop,10
down,22
triangle,1
under,30
C,34
drive,11
Richard,53
Burchfield,11
AM,204
ECT,1073
Beth,8
PerlmanHOUECT,4
Consolidated,4
positions,26
Issues,4
Do,51
Below,7
issues,31
we,245
documenting,2
requirements,15
consolidated,10
physicalfinancial,4
trade,12
capture,6
What,81
focus,8
first,31
bullet,2
Allan,22
,36
single,13
set,24
Although,5
Wednesday,30
was,126
informative,2
solution,7
creating,3
infinitely,2
dynamic,2
position,54
screen,12
extremely,4
difficult,9
consuming,2
Throughout,2
alluded,2
inability,2
consensus,6
amongst,2
traders,19
trader,8
can,172
arrange,3
liking,4
like,87
Excel,6
needs,22
happen,4
Monday,33
effort,6
design,28
layout,4
critical,5
This,99
does,37
exclude,2
building,16
capability,2
create,11
flexible,2
future,17
but,128
order,28
measured,2
Also,37
reiterate,2
goals,2
project,106
consolidate,2
been,82
raised,2
projects,19
prioritised,2
efforts,9
outside,6
involved,7
most,12
good,45
believe,29
there,86
has,111
communication,3
teams,2
now,30
objectives,2
solve,2
BurchfieldHOUECT,6
Severude,5
Peggy,5
AlixHOUECT,2
Russ,18
SeversonHOUECT,15
Scott,67
MillsHOUECT,14
Kenny,2
HaHOUECT,2
From,100
initial,14
regarding,21
still,53
point,23
contact,26
ve,9
had,47
three,20
which,86
brought,4
very,42
really,11
come,21
re,7
getting,17
hit,10
lot,46
requests,10
many,22
appear,4
scope,11
consolidation,2
Things,4
left,25
may,45
useful,5
formulate,4
high,22
goal,7
clear,9
possible,19
trying,14
accomplish,2
It,69
ll,13
determine,10
fall,9
Go,7
those,18
define,4
relative,4
importance,2
priority,9
each,40
exact,11
Define,2
lay,2
manager,38
main,4
view,15
all,99
drill,6
downs,2
Use,9
above,22
requested,13
thus,2
particular,2
Inclusion,6
Sitara,6
physical,22
deals,26
into,52
TDS,16
ticker,6
Customized,2
rows,3
columns,8
ad,3
hoc,2
rowscolumns,4
add,14
up,96
existing,11
New,13
break,6
swaps,6
options,16
,10
Addition,2
curve,12
tab,3
show,24
realtime,2
values,3
curves,7
desk,42
Ability,16
split,6
current,26
grid,17
allow,8
daily,30
shown,12
directly,13
monthly,18
Each,4
grouped,4
column,11
top,8
tied,2
bottom,3
properly,2
shift,3
floatforfloat,2
Daily,16
index,17
Physical,19
Nymex,5
Inside,4
Ferc,2
Mid,3
market,60
pull,5
valuation,6
results,3
based,22
flag,2
instead,9
official,3
valuations,6
Position,6
P,16
L,40
aggregation,2
desks,6
include,15
Price,15
book,44
spread,13
systems,5
handle,6
volatility,4
skew,2
correlations,2
revalue,2
incrementally,2
throughout,5
Approximate,2
delta,4
instantaneous,2
gamma,4
Valuation,2
A,100
new,71
months,30
x,5
strike,3
TBD,2
exotic,2
currently,17
managed,2
spreadsheets,5
isolate,4
change,19
due,29
changed,10
Show,2
prior,27
net,10
affect,3
Eliminate,2
economic,4
impact,13
individual,9
total,42
cell,10
Benchmark,2
Deployment,2
Canada,3
Currency,2
volume,3
uom,2
conversions,2
Implicit,2
explicit,2
PS,4
Colleen,18
setting,6
tomorrow,26
discuss,27
direction,3
Hopefully,12
know,90
part,21
stands,2
Dave,7
names,6
west,30
members,3
category,3
origination,1
side,17
sparse,1
Paula,4
million,34
fine,14
North,22
America,15
Corp,22
Airam,5
Arteaga,1
Thomas,17
MartinHOUECT,10
NealHOUECT,22
ArnoldHOUECT,10
Grant,3
MassonHOUECT,2
Ted,10
MurphyHOUECT,5
Vladimir,6
GornyHOUECT,6
HaydenCorpEnron,1
Rita,5
HennessyNAEnron,4
Ina,22
RangelHOUECT,6
Laura,9
HarderCorpEnron,2
Kimberly,12
BrownHOUECT,4
Araceli,1
RomeroNAEnron,1
HillisHOUECT,3
ect,18
Var,2
Reporting,2
Resources,5
Meeting,24
attend,5
below,31
Topic,2
Date,9
October,7
Time,5
Location,8
If,126
questionsconflicts,1
please,53
feel,16
free,21
Thanks,56
Rain,1
Tim,41
mike,4
grigsby,4
having,19
problems,11
accessing,2
sure,28
he,66
active,3
password,18
George,70
Richards,28
cbpres,31
austinrrcom,40
respond,25
Larry,48
Lewter,22
retwell,7
mailsanmarcosnet,7
Westgate,17
Enclosed,5
demographics,2
Investor,2
Alliance,4
says,4
similar,5
package,8
Marcos,20
received,25
earlier,7
information,42
let,33
Then,14
interest,21
property,44
street,10
Sagewood,11
sale,9
approved,12
land,52
selling,13
,340
square,6
foot,4
one,51
only,95
two,40
remaining,6
multifamily,4
parcels,2
West,24
moratorium,1
development,20
Several,2
studies,2
looked,4
rents,4
duplexes,4
going,50
significantly,11
higher,19
roughly,1
leased,3
entire,9
unit,29
lease,8
psf,3
room,11
location,6
student,5
housing,3
serious,3
short,12
window,6
equity,27
yet,14
known,2
secure,3
question,15
later,19
today,39
Sincerely,10
W,11
President,8
Creekside,22
Builders,16
LLC,17
winmaildat,3
Nancy,4
Hall,3
ENRON,473
Mark,56
WhittNAEnron,5
Paul,29
T,14
LucciNAEnron,4
BieniawskiCorpEnron,1
Tyrell,6
HarrisonNAEnron,1
Jean,3
MrhaNAEnron,2
Monica,4
JacksonCorpEnron,1
re,7
Storage,3
Strategies,2
There,38
Oct,1
mark,5
calendars,2
Regards,3
ENA,9
Denver,5
office,33
Brenda,20
use,55
second,16
check,11
payment,14
already,12
tossed,1
mail,16
another,19
Fletch,1
CPA,1
my,105
own,11
copy,17
original,15
want,59
fax,29
Liane,6
yesterday,11
concerned,6
attempt,4
manipulate,2
El,8
Paso,6
Juan,17
appears,7
buyer,26
entered,3
marketplace,3
both,19
paid,43
prices,27
At,15
trades,27
offers,6
cents,2
lower,13
were,49
bypassed,2
establish,4
report,19
calculation,8
Additionally,8
line,31
associated,5
financial,14
compiled,2
executed,3
These,13
complete,28
Online,3
EOL,9
direct,17
conversations,2
brokerage,2
firms,3
Amerex,2
APB,2
Prebon,2
see,46
attached,41
spreadsheet,25
summary,13
also,49
included,21
illustrate,3
value,33
several,11
relationships,6
key,5
points,24
data,31
follows,14
greater,3
than,53
days,15
relationship,6
Socal,23
Northwest,5
consistent,2
end,9
sense,3
indices,2
dramatically,3
understand,8
review,24
submitted,7
outliers,4
reveal,2
counterparty,2
able,30
wanted,10
reference,6
aid,2
establishing,3
reasonable,7
belief,4
should,80
excluded,2
desire,4
reliable,3
accurate,5
against,8
conduct,4
anytime,4
assist,3
towards,5
intent,1
distort,1
indeces,6
Claudia,13
L,6
Crocker,8
aolcom,11
Investment,6
Structure,3
STRUCTURE,2
Typically,3
structure,6
limited,9
partnership,25
corporate,4
general,11
partner,3
General,11
Partner,6
owns,3
,115
carries,2
liability,3
construction,59
LAND,4
OWNERSHIP,2
LOANS,4
purchased,3
name,23
loans,36
improvements,14
investors,6
principals,3
personally,2
guarantee,4
investor,9
s,17
sign,11
generally,2
means,8
larger,4
amount,30
cash,52
share,5
profits,9
reduced,5
All,20
residential,6
intended,6
resale,2
full,18
recourse,5
pursuing,5
rental,16
developments,4
mortgage,7
nonrecourse,2
USE,2
OF,3
INITIAL,2
INVESTMENT,2
investment,18
used,26
deposit,22
engineering,6
architectural,4
soils,7
tests,2
surveys,2
filing,2
fees,26
legal,4
organization,2
condominium,2
association,2
formation,2
appraisals,3
Unlike,2
estate,6
programs,3
none,2
funds,15
professional,8
expenses,20
incurred,3
over,42
estimated,12
month,18
approval,13
EARLY,2
COSTS,2
costs,54
listed,11
flow,10
represent,6
extension,2
seller,5
extensions,6
closing,23
alternative,8
close,12
loan,79
probably,21
appraised,7
With,11
equal,7
purchase,10
mean,11
payments,11
given,5
annual,4
rate,14
plus,15
approximately,10
EQUITY,2
AT,2
IMPROVEMENT,2
LOAN,2
Once,14
City,17
require,17
post,4
fiscal,2
referred,2
fiscals,4
represents,6
bond,12
completion,6
COA,4
considers,2
vital,2
released,5
once,16
completed,14
accepted,7
release,11
after,24
Releases,2
granted,3
every,11
expect,11
occur,2
start,16
improvement,19
usually,5
posted,5
irrevocable,2
letter,6
credit,17
such,27
they,70
counted,2
though,7
spent,8
Because,3
charged,2
typically,2
finished,5
suspect,4
least,14
potentially,8
produce,8
fiscals,2
improved,6
obtaining,6
count,2
provided,4
Thus,2
Even,7
maximum,3
cover,12
unlikely,6
bank,15
reimbursement,6
estimates,20
investments,3
preliminary,5
proforma,15
safe,2
engineer,14
preparing,2
tentative,2
evaluation,3
phasing,4
reduce,5
Phasing,2
works,7
phase,3
say,7
average,5
Of,7
front,31
entry,2
road,4
water,7
treatment,6
perimeter,2
fencing,2
landscaping,2
well,16
undeveloped,2
lots,12
raw,2
estimate,11
presented,2
analysis,6
depended,2
careful,2
assessment,9
Civil,2
Engineer,2
separate,2
phases,3
stand,3
its,40
utility,12
standpoint,2
CONSTRUCTION,2
types,2
First,6
speculative,2
spec,9
taken,5
presales,2
activity,6
Second,3
presold,8
remains,2
builderdevelopers,2
Third,2
builderdeveloper,4
buyers,11
manage,7
unfamiliar,2
process,11
Spec,2
lender,2
DISBURSEMENTS,2
Disbursements,2
handled,3
near,17
third,8
party,5
reserves,10
partners,2
agreement,16
contract,29
construct,2
fee,19
CB,12
management,20
overhead,9
hard,12
excluding,2
financing,17
sales,15
monies,2
myself,5
profit,30
except,3
b,4
subcontractor,2
perform,3
find,28
trim,8
carpenter,2
sub,2
enough,19
carpenters,2
etc,2
decides,2
undertake,2
function,5
charge,2
obtain,8
parties,5
disclose,2
cases,2
Finally,7
receive,29
equipment,11
lieu,2
leasing,2
present,5
significant,5
considering,4
sky,2
track,18
facilitate,6
speed,2
framing,4
cornice,2
roofing,2
drywall,2
spreading,2
REPORTING,2
willing,14
provide,27
reports,13
vs,3
did,44
mind,8
form,17
internet,5
reporting,6
BOOKKEEPING,2
referring,2
Bookkeeping,3
procedures,6
record,7
actual,18
expand,3
INVESTOR,2
INPUT,2
glad,4
input,11
materials,6
always,9
who,41
final,11
disagreement,2
experience,13
reach,13
presume,2
learn,4
accommodating,2
CREEKSIDE,2
PROCEEDURES,2
dealing,6
subs,7
vendors,5
professionals,3
indicates,3
EXTREMELY,2
tight,3
labor,7
bids,7
feasible,5
whom,4
previous,7
rapport,2
constantly,2
shopped,2
PRESELECTED,2
PROFESSIONALS,2
SUBS,2
AND,2
VENDORS,2
Yes,6
identified,2
interested,9
answered,3
everything,7
starting,16
Call,35
when,43
reviewed,12
further,11
Reschedule,4
Chairperson,10
Sent,31
Cindy,14
Cicchetti,11
Start,9
End,10
Description,13
PhysicalFinancail,7
Positions,7
Room,12
repeats,9
date,34
occurs,9
weekend,21
Dates,9
Fletcher,13
J,64
SturmHOUECT,11
Hunter,51
ShivelyHOUECT,27
SeverudeHOUECT,12
Detailed,9
description,14
Confirmation,3
Status,7
update,21
Sturm,2
No,26
Response,17
Neal,5
Shively,15
Accepted,9
Mills,3
Severson,3
Trading,14
Vision,4
Jeffrey,28
GossettHOUECT,8
SullivanHOUECT,9
Jayant,5
KrishnaswamyHOUECT,4
Russell,5
LongHOUECT,4
Gossett,2
Sullivan,4
Krishnaswamy,1
Long,2
mtg,1
moved,3
Wed,1
sent,35
confirmation,2
via,18
Lotus,1
Notes,24
Sorry,6
problem,6
couple,9
people,14
slot,1
Reagan,20
Just,8
mix,3
bedrooms,5
buildings,5
Kipp,13
Flores,9
drawings,6
FHA,6
revised,6
bid,24
Your,28
competitive,2
attracted,3
strong,11
local,7
presence,2
contacts,4
expiration,1
frame,1
reschedule,3
Invitation,2
PhysicalFinancial,1
scheduled,13
referenced,1
topic,5
place,20
BS,1
Stone,3
bs_stone,1
yahoocom,1
jeff,2
freeyellowcom,1
PhillipKAllen,29
Jeff,71
Is,31
After,17
reviewing,5
binding,2
determine,1
vague,2
sound,7
anything,6
attorney,6
title,5
company,23
draft,11
course,7
could,47
wrong,1
document,9
validity,1
back,53
documents,11
can,1
guess,8
expecting,5
something,12
exhibit,1
recordable,1
little,10
rather,7
sort,6
contract,1
either,1
tried,3
atty,2
last,43
night,11
pocket,1
talked,1
crim,1
friend,2
said,34
his,48
area,15
him,1
mine,2
transaction,3
look,31
doubt,2
signature,2
needed,13
transaction,1
noon,5
closing,2
hold,5
insult,3
annoy,1
anyone,35
paper,3
seem,8
event,7
before,29
accept,8
it,1
Chris,31
latest,7
PG,15
E,21
rescheduled,1
On,15
CDT,6
hour,2
Invited,7
Happy,2
Bday,1
Email,6
,102
Kathy,14
Regarding,14
guest,6
relay,1
pass,8
along,5
user,16
Friday,33
thank,3
rockies,4
beyond,4
created,5
Trailblazer,1
They,21
unhedged,1
scrubbing,1
books,7
booking,3
Hubert,1
Jim,31
conference,13
type,26
weekly,6
regulatory,6
facing,4
California,43
week,63
Ownership,1
ownership,2
Limited,1
entities,5
capacity,10
liabilities,3
Who,6
holds,1
various,4
collateral,2
happens,5
Secure,1
Why,8
statement,10
When,11
actually,6
Now,10
Return,1
Equity,3
Repayment,1
return,11
wait,3
until,23
sold,11
closed,7
distributed,3
Debt,1
Which,4
borrower,1
Improvement,3
Construction,3
Are,34
Looks,4
Terms,1
Uses,1
Funds,2
disbursements,1
By,3
account,13
Controls,1
max,1
disbursement,1
Internet,17
viewing,3
Reports,4
vs,9
markup,1
subcontractors,2
contractor,5
gain,3
money,15
personal,9
ultimate,1
payout,4
Design,1
selecting,2
involvement,1
planning,14
permitting,1
Does,10
specific,4
Such,1
schedules,3
checking,5
companies,9
individuals,1
Names,1
basic,2
ProformaPhillip,6
Allenxls,6
told,9
tell,10
exceptional,3
especially,6
attractive,11
introducing,3
low,7
range,9
reward,3
uncovered,3
zoning,3
Smart,3
Growth,5
Corridor,3
designated,4
preferred,8
fast,4
tracked,7
less,26
severe,9
ordinances,3
waived,3
investigated,3
detentionretention,6
filtration,6
pond,7
widening,6
cautious,3
Lone,3
Star,3
easement,3
portion,6
expected,7
Other,6
quite,8
identical,3
pipeline,6
adjoining,3
family,5
St,4
Edwards,3
University,4
infill,3
quality,8
surrounding,3
neighborhoods,3
uneven,3
fence,3
around,25
put,17
Cameron,3
Loop,3
Gated,3
communities,3
idea,7
screening,3
preferences,3
offer,24
evening,15
extended,4
escrow,4
enable,6
us,30
D,40
Loan,10
shows,6
invest,4
Exchange,11
proceeds,4
You,59
exchange,6
expert,10
knows,3
field,3
Antonio,7
prepared,19
broker,6
Airborne,3
Express,3
Saturday,8
delivery,8
read,12
tour,4
soon,20
permits,3
visit,6
hearing,4
major,11
winner,3
regret,3
took,7
long,22
unusual,4
events,4
past,12
few,25
weeks,12
freakish,3
wind,3
storm,3
downdrafts,3
South,12
town,7
homes,6
One,11
roof,19
decked,6
siding,5
downdraft,3
hitting,3
knock,3
shut,5
thing,6
tract,3
wife,6
emergency,7
She,4
bulge,3
material,8
vertebra,3
her,14
spine,3
causes,4
extreme,3
pain,3
kept,4
bedridden,3
,9
nothing,7
incapacitated,3
realize,12
enormous,5
things,12
she,30
everyday,4
Fortunately,3
looks,21
ok,6
numbers,22
variety,1
model,12
seems,13
similiar,2
MM,1
justifying,1
paying,4
competition,1
bidding,1
done,19
follow,10
email,70
Cherry,2
Creek,1
Deborah,4
Yates,1
rejected,3
De,2
Ville,1
Burnet,5
Remember,6
written,5
Key,2
concerns,15
subdivided,1
statements,3
roll,9
faxed,6
file,31
fill,12
computer,17
write,4
correct,3
amounts,3
checked,4
records,2
mailed,2
normal,8
August,14
Pate,1
Rd,1
College,2
Station,2
TX,12
ahead,13
treat,1
proceed,7
details,14
amortization,2
wrote,3
fewer,3
checks,4
Spent,1
Materials,6
Labor,2
June,10
July,10
Total,7
Check,11
Walmart,2
Crumps,1
Detail,2
Papes,1
Checks,1
overtime,1
Ralph,2
Try,7
together,7
support,14
items,17
Michael,37
Etringer,2
Contact,3
mid,3
Attached,10
Have,11
highlighted,2
yellow,3
overlap,1
http,63
chnlOwnrpallen,1
Rangel,6
Re,24
SURVEY,2
PHILLIP,2
ALLEN,2
Full,6
Name,11
Login,6
ID,18
Extension,6
Office,6
Desktop,7
Laptop,6
Both,10
PDA,6
yes,44
None,6
IPAQ,10
Palm,6
Pilot,6
Jornada,6
permission,12
access,44
EmailCalendar,12
NO,11
YES,4
INA,2
RANGEL,2
responsible,14
updating,12
else,26
shared,12
calendar,16
Calendar,2
Distribution,8
Groups,6
Messaging,6
maintains,6
mass,6
mailings,6
databases,6
applications,6
NONE,2
datetime,6
migration,17
Will,15
vacation,7
leave,11
etc,8
MMDDYY,12
Embedded,3
StdOleLink,3
booked,1
stage,9
coach,1
inside,1
Chelsea,1
Villa,1
hands,2
plans,25
happy,5
diff,1
NWPL,6
reason,4
benchmark,2
rolled,1
added,3
shorts,1
longs,1
Before,2
adjustment,3
bought,4
why,8
aeco,1
basis,49
mapped,2
differently,1
AECO,2
correlation,1
clearly,4
commission,1
sagewood,3
surprised,6
become,5
brokering,1
properties,4
perceive,1
ethical,1
issue,20
Did,11
propose,2
scratch,1
pay,31
Diana,5
Zuniga,1
bgacom,1
Town,1
Homes,1
aware,5
Regan,2
Lehman,4
developer,3
duplex,1
He,37
prime,2
differences,5
smaller,6
size,5
sq,3
ft,1
footage,1
thought,10
sf,1
important,4
rentability,2
bath,7
strongly,1
fact,3
build,7
bedroom,3
thoroughly,3
Gonzalez,5
stagecoachmama,8
hotmailcom,13
utilities,20
_________________________________________________________________________,1
Get,10
Private,5
Free,6
Email,93
MSN,7
Hotmail,4
wwwhotmailcom,5
Share,1
yourself,2
public,2
profile,1
profilesmsncom,1
utilityxls,2
Enronadmin,1
FSDDataSvccom,1
TIME,1
SENSITIVE,2
Executive,10
Impact,9
Influence,7
Program,6
Survey,3
,219
IMMEDIATE,1
ACTION,1
REQUIRED,1
Not,4
Delete,1
participant,6
asked,17
gather,6
styles,2
practices,2
experienced,2
immediate,2
eight,1
peerscolleagues,1
feedback,11
attending,4
program,18
ie,2
Self,1
Direct,3
Report,10
PeerColleague,1
combined,1
develop,3
action,4
improve,7
hisher,2
LATER,1
THAN,1
CLOSE,1
BUSINESS,1
Since,12
cancel,3
attendance,1
Therefore,2
click,23
link,9
simply,11
open,17
browser,5
wwwfsddatasvccomenron,1
unique,1
Unique,1
Participant,3
Arnold,4
EPEXWX,1
technical,2
Dennis,6
Ward,1
FSD,1
Data,5
Debbie,4
Nowak,4
Christi,13
Smith,25
Keilty,3
Goldsmith,3
participation,1
note,27
touch,5
base,7
townhomes,2
opportunities,2
stumbled,1
built,6
Lehmann,1
Units,2
spoke,13
indicated,2
available,28
yours,4
mentioned,14
almost,6
being,24
Outlook,44
Migration,18
Team,20
Allison,4
HortonNAEnron,4
Amir,4
BaigNAEnron,4
Brandon,5
BangerterNAEnron,4
Brian,12
EllisCorpEnron,4
Charles,7
PhilpottHRCorpEnron,4
WoodNAEnron,8
TullHOUECT,4
Dale,9
SmithCorpEnron,4
JuneNAEnron,4
Donald,9
SuttonNAEnron,4
Felicia,7
BuenrostroHRCorpEnron,4
Johnna,4
MorrisonCorpEnron,4
Joe,23
DornCorpEnron,4
Kathryn,9
SchulteaHRCorpEnron,4
Leon,4
McDowellNAEnron,4
Leticia,8
BarriosCorpEnron,4
Milton,4
BrownHRCorpEnron,8
Raj,4
PerubhatlaCorpEnron,4
Shekar,4
KomatireddyNAEnron,4
Andrea,9
YowmanCorpEnron,4
Angie,6
OBrianHRCorpEnron,4
Bonne,4
CastellanoHRCorpEnron,4
Gwynn,4
GorsuchNAEnron,4
Jo,6
Ann,7
MatsonCorpEnron,4
LaQuitta,4
WashingtonHRCorpEnron,4
Rick,4
JohnsonHRCorpEnron,8
Sandra,12
LighthillHRCorpEnron,4
Valeria,4
HopeHOUECT,4
Charlotte,4
Ronald,4
FainHRCorpEnron,4
Gary,23
FitchHRCorpEnron,4
Anna,7
HarrisHRCorpEnron,4
JonesHRCorpEnron,8
Kristi,4
MonsonNAEnron,4
Bobbie,4
McNielHRCorpEnron,4
StablerHRCorpEnron,4
Michelle,10
PrinceNAEnron,4
James,38
GramkeNAEnron,4
Blair,4
HicksNAEnron,4
Jennifer,8
JohnsonContractorEnron,4
Communications,44
LittleEnron,4
EnronXGate,175
LukertNAEnron,4
MartinNAEnron,4
Andrew,13
MatteiNAEnron,4
Darvin,4
MitchellNAEnron,4
OldhamNAEnron,4
Wesley,4
PearsonNAEnron,4
Ramon,4
PizarroENRON_DEVELOPMENT,4
ENRON_DEVELOPMENT,30
Natalie,11
RauNAEnron,4
William,15
RedickNAEnron,4
RichardsonNAEnron,4
Joseph,9
SchniedersNAEnron,4
SimmonsNAEnron,4
Delaney,4
TrimbleNAEnron,4
David,31
UptonNAEnron,4
BoeglerHRCorpEnron,4
Lyndel,4
ClickHRCorpEnron,4
Gabriel,8
FrancoNAEnron,4
GrossHRCorpEnron,4
Arthur,5
Danny,6
OgdenHoustonEott,4
Eott,5
Edgar,4
PonceNAEnron,4
Tracy,10
PursifullHRCorpEnron,4
Lance,6
StanleyHRCorpEnron,4
ErmisHOUECT,7
Jane,12
M,42
TholtHOUECT,10
Jay,14
ReitmeyerHOUECT,6
HolstHOUECT,12
Matthew,11
LenhartHOUECT,9
GrigsbyHOUECT,13
SanchezHOUECT,6
Randall,7
GayHOUECT,7
Tori,12
KuykendallHOUECT,8
H,26
FletcherHOUECT,7
Jeanne,7
WukaschCorpEnron,7
Mary,27
Theresa,9
FranklinHOUECT,6
PotterNAEnron,6
BakerHOUECT,9
Suzanne,8
CalcagnoNAEnron,6
Alvin,4
ThompsonCorpEnron,6
Cynthia,6
FranklinCorpEnron,4
Jesse,7
VillarrealHOUECT,5
Joan,5
CollinsHOUEES,4
CasasHOUECT,4
Kelly,9
LoockeENRON,4
enronXgate,42
Lia,4
HalsteadNAEnron,4
Meredith,8
HomcoHOUECT,6
Robert,40
AllweinHOUECT,4
LovingNAEnron,4
Shanna,4
BoudreauxENRON,4
Steve,44
GillespieCorpEnron,4
Tamara,8
CarterNAEnron,4
FuzatEnron,4
Jack,5
NetekEnron,4
Lam,6
NguyenNAEnron,6
Camille,7
GerardCorpEnron,7
Craig,14
TaylorHOUECT,6
Jessica,10
HangachNYCMGUSA,4
MGUSA,22
GagelNYCMGUSA,4
Lisa,14
GoulartNYCMGUSA,4
Ruth,7
BalladaresNYCMGUSA,4
Sid,4
StruttNYCMGUSA,4
OWA,26
print,5
Current,10
User,7
REASONS,2
FOR,3
USING,2
OUTLOOK,4
WEB,4
ACCESS,6
mailbox,12
migrated,4
client,10
configured,12
recieve,2
team,16
During,3
Web,6
Access,8
web,5
Explorer,5
PLEASE,6
NOTE,6
entries,4
journals,2
ToDo,2
imported,2
desktop,2
Remote,2
remote,2
accessible,3
while,6
connecting,2
network,2
LAN,2
home,21
traveling,2
abroad,2
HOW,2
TO,3
Launch,2
Substitute,2
johndoe,2
ENTER,2
prompted,2
box,7
Type,5
corpyour,2
id,17
NT,2
logon,2
OK,2
subtle,2
functionality,2
clients,3
brief,3
functions,2
NOT,4
Features,2
Tasks,2
Journal,2
Spell,2
Checker,2
Offline,2
Printing,2
Templates,2
Reminders,2
Timed,2
Delivery,2
Expiration,2
Rules,2
Voting,2
Message,17
Flags,2
Recall,2
Sharing,2
Contacts,3
Task,2
Delegation,2
Resource,11
Booking,2
Personal,2
Lists,2
QUESTIONS,3
OR,2
CONCERNS,2
answer,16
Mailbox,6
Otherwise,7
Resolution,2
Center,9
Mrha,1
Richter,2
Wow,3
RichterHOUECT,6
SwerzbinHOUECT,7
BadeerHOUECT,13
Sean,5
CrandallPDXECT,4
BeldenHOUECT,24
ForneyHOUECT,1
Matt,21
MotleyPDXECT,6
Tom,9
AlonsoPDXECT,3
FischerPDXECT,4
Capital,4
Trade,2
Kevin,23
Presto,2
Rogers,1
HerndonHOUECT,1
ZufferliHOUECT,1
Lloyd,4
WillHOUECT,2
Doug,4
GilbertSmithCorpEnron,1
underestimate,1
effects,2
economy,3
load,18
growth,6
preaching,1
tremendous,1
described,3
infrastructure,3
loads,2
ultimatley,1
reasons,5
MW,22
server,4
farms,3
technology,2
farm,1
hook,1
HL,1
speak,6
deliver,1
Obviously,2
Seattle,10
Porltand,1
Boise,1
Fran,4
Jose,2
markets,4
rude,1
awakening,1
PrestoHOUECT,10
Suarez,1
Dana,1
DavisHOUECT,2
BroderickHOUECT,1
MillerNAEnron,2
SuarezHOUECT,2
Hopley,1
Suresh,1
VasanEnron,1
COMMUNICATIONS,1
Gain,1
Major,1
Drain,1
Local,1
Utilities,5
littleknown,1
Silicon,1
Valley,2
called,4
Exodus,9
opened,2
center,12
Tukwila,4
mission,1
traffic,2
servers,2
region,11
growing,3
dotcoms,1
Fastforward,1
summer,7
wrapping,1
mile,2
facility,4
Sitting,1
confluence,1
fiber,1
optic,1
backbones,1
plant,6
consume,1
eventually,1
house,22
Avenue,1
Microsoft,3
Onviacom,1
massive,2
centers,8
More,6
dozen,2
AboveNet,1
Globix,1
HostPro,1
looking,12
facilities,8
networking,1
big,5
effect,6
bill,7
ease,1
favorite,2
sites,1
colocation,5
sprouting,1
furious,1
pace,1
Kent,3
expressed,3
concern,3
Light,4
Puget,3
Sound,3
highsecurity,1
talking,2
half,4
customers,8
requesting,1
megawatts,7
Southcenter,1
Mall,1
Karl,1
Karzmar,2
revenue,2
That,14
equivalent,2
six,1
oil,2
refineries,1
relatively,2
phenomenon,1
rise,1
veterans,1
scratching,1
heads,1
Washington,2
Transportation,6
Commission,14
tariff,2
designed,1
protect,2
footing,1
stations,2
Those,1
bring,20
Council,1
businesses,1
schools,1
complex,5
hand,4
amazing,1
appetite,1
lucrative,1
seven,2
therefore,5
constant,1
stream,1
flood,1
exorbitant,1
capital,2
expenditures,7
rates,14
debate,2
dense,1
Bob,7
Royer,2
director,1
communications,4
affairs,1
stadium,1
lights,1
football,1
game,7
Medical,1
School,1
averages,1
asking,5
feet,3
Intergate,2
biggest,2
Sabey,3
repurchased,1
squarefoot,1
East,23
Boeing,1
Space,1
Defense,1
sixbuilding,1
largest,3
park,5
country,4
boasts,1
Laurent,1
Poole,3
chief,1
operating,10
officer,3
ICG,1
NetStream,1
Pac,1
Telecomm,1
Zama,1
Networks,1
space,10
arena,1
Los,2
Angeles,2
Spokane,1
claims,3
four,3
builders,16
bandwidthheavy,1
tasks,2
listening,1
online,4
music,1
continues,1
escalate,1
But,13
rapid,2
clip,1
hubs,1
causing,1
among,3
places,1
Texas,5
providers,1
nearly,2
double,7
While,8
Amazoncom,1
hightech,1
decided,2
outsource,1
operations,5
nine,1
demand,18
right,19
Porter,1
executive,2
booming,1
industry,2
perplexed,1
accelerates,1
quantum,1
serve,2
stunned,1
K,1
Martin,5
Cuilla,2
resumes,5
performance,2
reviews,2
HR,1
commercial,7
managers,3
christismith,5
lrinetcom,5
dnowak,2
RE,13
Receipt,4
Selection,8
Form,3
imperative,1
asap,4
administration,1
raters,3
assistance,4
Original,13
,32
mailto,10
,32
PhillipKAllen,3
enroncom,1
Cc,1
Evans,2
Importance,2
High,2
Hi,5
appreciate,5
prompt,2
attention,3
completing,2
Ideally,2
easily,3
transferred,4
database,5
ability,4
inserting,2
person,8
Without,3
nor,4
automatic,2
reminder,5
So,5
TS,3
Project,4
Client,3
debe,3
fsddatasvccom,3
LavoratoM,3
GrigsbyD,3
HolstD,3
ErmisD,3
SouthD,3
Janie,8
TholtD,3
NealP,3
ShivelyP,3
MartinP,3
ArnoldP,3
intelligencepresscom,6
detailing,3
distinguish,3
buys,3
sells,5
Motley,1
FYI,6
Ray,12
Niles,1
Capspdf,1
Compare,1
california,2
production,2
again,19
Cooper,3
Reitmeyer,4
analyst,2
SURVEYINFORMATION,4
EMAIL,4
ensure,5
minutes,6
completely,4
survey,14
finish,8
Reply,4
button,5
Send,4
automatically,4
Got,2
message,7
Good,4
luck,3
bike,6
ride,4
apartment,5
studio,1
kids,5
school,4
coming,4
Were,1
log,2
enron,2
socal,5
Kristian,2
Lande,2
Christopher,16
F,18
CalgerPDXECT,11
Jake,3
ThomasHOUECT,4
W,45
VickersHOUECT,6
Elliot,3
MainzerPDXECT,3
McDonaldSFECT,5
ParquetSFECT,4
Laird,8
DyerSFECT,3
BuerklePDXECT,3
GilbertPDXECT,3
Terry,2
DonovanHOUECT,2
G,10
SlaughterENRON_DEVELOPMENT,2
Ed,3
ClarkPDXECT,2
Generation,3
temporary,2
EnronOnline,4
CASE,1
Guest,2
Password,1
Log,1
wwwenrononlinecom,1
install,4
shockwave,1
instructions,15
composite,2
page,6
western,7
filter,1
products,7
Page,2
logging,1
Moore,3
HelpDesk,1
Shockwave,3
installer,1
found,3
within,10
About,3
opening,2
scroll,1
bar,1
download,4
directions,1
loading,1
reopen,1
ie,1
ExplorerNetscape,1
hope,7
lists,1
midmarkets,1
socalsan,1
juan,3
spreads,7
bidweek,7
reflected,2
Index,7
prints,1
observations,2
anticipated,2
SocalSan,2
Perceived,2
Swaps,2
premium,2
Aug,3
wider,2
postings,1
monitor,4
locations,1
Alan,32
updated,13
besides,1
headcount,1
afternoon,16
how,15
Brad,11
regard,2
Kuykendall,4
promote,2
converting,1
associate,1
duties,1
since,21
beginning,12
compare,3
favorably,1
central,2
situation,5
Bruce,10
stop,6
reuters,1
See,12
modifications,1
formula,4
E,2
Add,1
D,1
Column,2
Subtract,1
owed,2
filled,5
width,1
narrow,1
mouse,2
beside,1
F,1
Hold,1
drag,1
lets,2
sheet,6
got,11
attachment,6
progress,6
attach,2
excel,3
medium,1
usage,1
meter,1
cheaper,1
great,7
chance,8
practice,1
Comnes,8
HartsoeCorpEnron,11
Request,20
Kean,8
KeanLay,4
ago,6
oblige,4
ComnesPDXECT,17
Janel,4
Guerrero,4
DasovichNAEnron,12
KaufmanPDXECT,10
ShapiroNAEnron,13
reflects,4
stupid,4
regulatorylegislative,4
decisions,5
Ken,12
wants,17
chart,4
briefing,4
Lay,4
Tour,4
CA,10
Mac,2
research,6
EOG,2
,14
Estimated,2
Prices,1
Actual,3
rising,2
Recalc,1
EPS,2
mct,1
X,7
shares,3
outst,1
PE,1
multiple,1
envelope,2
crude,2
undervalued,1
tune,1
Nat,1
Crude,1
play,9
devil,1
advocate,1
stock,4
Calpine,2
Tosco,1
SLB,1
Duties,1
apartments,5
listen,3
saying,4
i,1
worried,1
ants,1
invading,1
apartmentYou,1
Wade,16
bulletin,1
board,2
tenants,12
onGave,1
notice,1
staying,1
apt,2
resolvedAlso,1
tenant,3
complaining,2
fowl,1
languageI,1
violation,1
goes,2
Thanx,1
________________________________________________________________________,3
ac,2
pd,1
ck,1
WALMARTAlso,1
Appliance,1
Centerck,1
frig,1
stove,1
IVOICE,1
DEL,1
MACHINE,1
FFICE,1
CK,1
FROM,2
sTEELMAN,1
OFFICE,1
PRODUC,1
Thanxs,1
Today,5
him,29
alot,1
scheduleIf,1
mention,2
fix,4
van,1
tht,1
ever,3
Tomorrow,2
gary,4
hereI,1
Iwill,1
EMail,3
exercising,1
Barney,2
kind,3
exclusive,3
Paine,2
Weber,1
exercise,3
buy,10
JDSU,1
buying,3
SDLI,1
enter,3
domain,2
Delainey,4
Kay,7
Chapman,2
Janet,12
R,18
DietrichHOUECT,3
DuranHOUECT,2
Raymond,2
BowenHOUECT,2
DonahueHOUECT,2
RedmondHOUECT,2
JoseyCorpEnron,3
Rob,5
MilnthorpCALECT,3
Max,4
YzaguirreNAEnron,2
Wes,4
ColwellHOUECT,2
Sally,6
BeckHOUECT,5
OxleyHOUECT,2
DeffnerHOUECT,3
Jordan,2
MintzHOUECT,2
HaedickeHOUECT,2
Mollie,2
GustafsonPDXECT,2
DoanHOUECT,3
ArteagaHOUECT,4
Christy,3
ChapmanHOUECT,3
Tina,4
RodeHOUECT,3
Marsha,6
SchillerHOUECT,2
Lillian,2
CarrollHOUECT,2
Tonai,2
LehrCorpEnron,2
Nicole,2
MayerHOUECT,2
Darlene,2
ForsythHOUECT,2
Janette,3
ElbertsonHOUECT,2
Angela,6
McCullochCALECT,2
Pilar,2
CerezoNAEnron,2
Cherylene,2
WestbrookHOUECT,2
Shirley,4
TijerinaCorpEnron,2
Nicki,2
DawNAEnron,1
Management,3
Committee,4
replaces,1
pm,16
conflicts,1
Bev,1
website,8
ectpdxsunonectathamnavsetupindexhtm,2
security,4
expost,1
hourly,3
keeps,3
passwords,2
Stephanie,10
grant,3
eol,4
rights,2
Cash,6
Hehub,2
Chicago,3
PEPL,3
Katy,2
Opal,2
Permian,4
Prompt,1
HSC,1
LewisHOUECT,4
MayCorpEnron,2
Kate,1
FraserHOUECT,2
Zimin,4
LuHOUECT,1
CouchHOUECT,1
GriffithCorpEnron,1
BrawnerHOUECT,2
LavoratoCorpEnron,10
JacksonHOUECT,6
Julie,15
GomezHOUECT,6
MillerCorpEnron,8
TRANSPORTATION,1
MODEL,1
am,1
transportation,4
managing,5
Lu,2
Research,2
Breese,1
Griffith,1
Structuring,1
comfortable,5
heard,3
advantage,1
unable,5
ot,1
Transport,2
rented,1
settled,1
recordkeeping,1
implement,2
Overtime,1
timesheets,1
Paychecks,1
issued,4
State,2
Bank,7
landscape,1
Moving,4
checkbook,1
organizes,1
Jan,3
Checkbook,1
receipts,2
times,6
Shankman,3
LucciDENECT,3
Approval,4
Overdue,3
paultlucci,3
approve,7
thanks,4
ShankmanHOUECT,7
ARSystem,4
ectenroncom,2
jeffreyashankman,1
pending,4
itcAppscorpenroncomsrrsApproveDetailasp,2
jeffreyashankman,1
IRM,1
Create,3
Requested,3
US,2
NatGas,1
GAS,1
PHY,1
FWD,1
FIRM,1
NonTexas,1
Month,1
Applications,3
keep,16
care,5
phillipkallen,12
Submitted,1
frankermis,2
act,2
upon,8
requester,1
specified,2
phillipkallen,1
th,1
Market,3
Telerate,1
Basic,1
skills,2
Curves,1
refax,1
Cheryl,3
WilchynskiHRCorpEnron,2
WardNAEnron,2
HillCorpEnron,2
Sonja,2
GallowayCorpEnron,2
Bilal,2
BajwaNAEnron,2
Binh,2
PhamHOUECT,2
Bradley,3
JonesENRON,2
MillsCorpEnron,2
Chance,2
RabonENRON,2
Chuck,2
AmesNAEnron,2
BaumbachHOUECT,2
Jad,2
DoanENRON,2
ONeal,3
WinfreeHOUECT,3
LoveHOUECT,2
SladanaAnna,2
KulicENRON,2
Victor,5
GuggenheimHOUECT,3
Alejandra,2
ChavezNAEnron,2
Anne,4
BikeEnron,2
Carole,2
FrankNAEnron,5
Darron,2
GironHOUECT,2
Elizabeth,11
HernandezHOUECT,3
ShimCorpEnron,2
RoyedCorpEnron,2
Kam,3
KeiserHOUECT,3
Kimat,2
SinglaHOUECT,2
Kristen,2
ClauseENRON,2
Kulvinder,2
FowlerNAEnron,2
Kyle,6
LillyHOUECT,2
Luchas,2
JohnsonNAEnron,2
Maria,5
GarzaHOUECT,3
Patrick,6
RyderNAEnron,2
Ryan,3
ORourkeENRON,2
Yuan,2
TianNAEnron,2
NormanHOUECT,2
Jackie,3
TravisHOUECT,2
GasperHOUECT,2
Albert,2
StromquistCorpEnron,2
Rajesh,2
ChettiarENRON_DEVELOPMENT,2
Derek,2
AndersonHOUECT,2
HornHOUECT,3
Cathy,6
LiraNAEnron,2
Daniel,6
CastagnolaENRON_DEVELOPMENT,2
Eva,2
TowCorpEnron,2
Andy,7
PaceNAEnron,2
SantucciNAEnron,2
GuerraNAEnron,2
Clayton,2
VernonCorpEnron,2
RyanCorpEnron,2
Eric,16
SmithContractorEnron,2
Grace,4
KimNAEnron,2
Jason,8
KanissENRON,2
ClineCorpEnron,2
Rika,2
ImaiNAEnron,2
Todd,5
DeCookCorpEnron,2
JensenNPNGEnron,2
Billi,2
HarrillNPNGEnron,2
Martha,2
SumnerKenneyNPNGEnron,2
Phyllis,2
MillerNPNGEnron,2
Sandy,4
OlofsonNPNGEnron,2
ByrneNPNGEnron,2
McCartyET,2
SEnron,6
Denis,2
TuFGTEnron,2
AyresFGTEnron,2
MillarFGTEnron,2
ArmstrongCorpEnron,2
Maggie,2
SchroederFGTEnron,2
BrownOTSEnron,2
CantrellGCOEnron,2
ScottCorpEnron,2
MuzzyHOUECT,3
Cora,2
PendergrassCorpEnron,2
Darren,3
EspeyCorpEnron,2
WhiteNAEnron,2
BradyNAEnron,2
Kirk,2
LenartHOUECT,2
KinseyHOUECT,3
Margie,2
StraightHOUECT,2
SchrabHOUECT,3
Souad,2
MahmassaniCorpEnron,2
Tammy,3
GilmoreNAEnron,2
Teresa,3
McOmberNAEnron,3
DempseyNAEnron,2
Barry,9
FeldmanNYCMGUSA,2
Catherine,4
HuynhNAEnron,2
Double,3
Edit,2
mode,2
History,2
Send,4
Karen,16
Buckley,9
interview,2
conducted,1
Gaskill,1
fundamentals,1
comments,15
gasfundydevcorpenroncom,1
watching,1
Alberto,1
Yahoo,1
Messenger,3
Hear,1
Me,1
turned,1
historical,2
saved,3
pulls,2
Improvements,1
menu,2
choose,8
choice,8
gd,1
prudency,1
PGT,2
ScholtesHOUECT,3
HeizenraderPDXECT,3
Update,6
Stanfield,5
Term,1
sending,4
off,28
followup,1
Clark,1
County,1
PUD,1
pricing,4
Could,4
Sept,1
assume,5
Malin,7
Rockies,2
Offer,1
Spread,1
understood,2
vehicle,1
ca,9
standard,2
vehicles,1
running,6
valid,1
stickers,1
staff,4
live,3
decide,2
truck,2
employer,1
purposes,3
vouch,1
income,4
merlin,1
ct,1
mailing,1
returned,4
authorize,4
Holtz,2
Southern,7
imagination,2
SARR,2
McNary,4
discharge,2
flows,5
lowered,3
April,14
panned,2
outflows,2
stayed,2
insight,2
wish,10
Skipping,1
skpstnhoustoncom,1
EnergyProfessional,1
mailmanenroncom,6
Interactive,1
Information,5
skipping,1
stone,6
animation,2
seen,8
lately,1
Come,1
wwwskippingstonecom,1
Experts,1
Consulting,1
Industry,2
fyi,1
CIG,1
Rebecca,7
Cantrell,2
MeyerHOUECT,2
Judy,3
TownsendHOUECT,1
BranneyHOUECT,1
Steven,9
SouthHOUECT,1
Susan,31
PereiraHOUECT,2
SmithHOUECT,3
HammanHOUEES,1
SupertyHOUECT,2
Edward,10
TerryHOUECT,1
CoatesHOUEES,1
HodgeCorpEnron,1
EdwardsCorpEnron,1
ConcannonHOUECT,3
Sylvia,2
CamposHOUECT,3
TateHOUEES,2
LamadridHOUECT,2
Barbara,6
DillardHOUECT,1
PayneHOUECT,1
Comments,1
Order,2
Compliance,2
Filings,2
filed,2
pipelines,5
Columbia,3
plain,1
interventions,1
Kenneth,5
Shulklapper,2
Blanco,2
Avg,2
extend,2
internal,1
NG,1
Kuykendahl,1
Tholt,5
administrative,3
rest,8
pictures,1
Chen,1
EtringerHOUECT,6
Saji,2
JohnHOUECT,1
Elvis,3
Cactus,3
border,4
talk,10
backend,1
Roughly,1
speaking,5
nominal,1
MMBtud,2
fromJune,1
Jana,7
Giovannini,3
Celeste,6
RobertsHOUECT,5
assoc,4
Associates,2
Analyst,5
GiovanniniHOUECT,3
Hey,1
Staffing,1
Coordinator,1
Needs,3
Assessment,2
class,4
Analysts,3
Assoc,1
Dolores,3
Muzzy,1
assocanalyst,2
voice,3
Badeer,1
Hillis,4
Thresa,3
Kristin,7
AlbrechtHOUECT,2
Brent,4
PriceHOUECT,4
ThompsonHOUECT,2
Irena,2
HoganHOUECT,2
pm,3
Kim,10
Dallas,1
testing,5
System,7
confirm,7
k,1
Elsa,1
Natural,6
Customers,2
Joel,1
HenenbergNAEnron,1
GosnellHOUECT,3
containing,1
Global,3
Counterparty,1
counterparties,1
although,3
whenever,2
signed,7
Al,3
shape,2
century,1
m,6
nursing,1
injuries,1
lunch,2
pick,3
word,1
noticeconsent,1
Additional,5
Principal,1
Reduction,2
prepayments,1
receipt,6
spoken,1
Lutz,1
supposed,4
language,7
Johnnie,8
Brown,4
According,6
factory,5
versus,4
purchasing,8
panels,6
Assuming,4
true,6
architects,2
distributor,2
worked,6
excited,2
info,9
Anytime,1
pm,3
organize,1
cems,1
wscc,3
H,2
reliability,3
scrap,1
monitoring,5
case,10
improves,1
choices,3
dates,4
Jeffery,2
AderHOUECT,2
BaughmanHOUECT,3
BlairCorpEnron,2
Bryan,5
BurnettHOUECT,2
CarrickHOUECT,2
FoxHOUECT,2
JakubikHOUECT,2
Fred,5
LagrastaHOUECT,3
Gil,2
MuhlCorpEnron,2
NeymanHOUECT,3
OndarzaHOUECT,2
Ozzie,3
PaganHOUECT,2
SchwiegerHOUECT,3
SukalyCorpEnron,2
ThompsonLONECT,1
Carl,4
TricoliCorpEnron,4
WolfeHOUECT,5
Billy,2
LemmonsCorpEnron,2
FrevertNAEnron,1
Course,1
Folks,1
officers,2
enrolled,1
mandated,1
training,2
marks,1
effectiveness,1
enroll,1
Speak,1
HR,4
representative,1
ask,3
dad,3
enjoying,1
job,12
rules,2
holiday,3
GIS,3
HickersonHOUECT,1
McClellanHOUECT,1
Jere,2
OverdykeHOUECT,2
Vince,3
KaminskiHOUECT,3
Julia,1
MurrayHOUECT,1
HermansCorpEnron,1
AdairCorpEnron,1
AjelloHOUECT,1
Jaime,1
AlatorreNAEnron,1
AlfordECPHOUECT,1
BeyerHOUECT,1
BierbachDENECT,1
M,1
Origination,1
BlackHOUECT,2
BlesieCorpEnron,2
BradleyHOUECT,1
BreslauHOUECT,1
Cary,9
CarrabineCorpEnron,1
Douglas,5
CliffordCorpEnron,1
CraneHOUECT,1
DensleyCorpEnron,1
Timothy,2
DetmeringHOUECT,2
Ranabir,2
DuttCorpEnron,1
HoweCorpEnron,1
KinnemanHOUECT,1
KitagawaCALECT,1
LuceCorpEnron,1
LydeckerCorpEnron,1
Randal,1
MaffettHOUECT,1
Rodney,1
MalcolmHOUECT,1
Jesus,5
MelendrezCorpEnron,1
ParksCorpEnron,1
PruettCorpEnron,1
ReckHOUECT,1
V,2
ReedHOUECT,2
Cliff,1
SheddNAEnron,1
Stuart,2
StaleyLONECT,1
SuffieldCorpEnron,1
Nick,3
CocavessisCorpEnron,1
HedstromCALECT,1
Sheila,2
KnudsenCorpEnron,1
AronowitzHOUECT,1
DucoteHOUECT,1
B,23
DunnHOUECT,1
Stinson,3
GibnerHOUECT,3
N,6
GrayHOUECT,2
GreerHOUECT,2
HodgeHOUECT,4
KelemenHOUECT,1
RomeHOUECT,1
SchulerLegalHOUECT,2
Vasant,1
ShanbhogueHOUECT,1
Gregory,3
SharpHOUECT,1
TweedHOUECT,1
DoblerNAEnron,1
SchneiderEnron,1
Gateway,1
SkinnerHOUECT,1
BlandHOUECT,1
DelaineyHOUECT,4
Stella,1
ElyHOUECT,1
Yolanda,1
FordHOUECT,1
Donna,8
Katherine,4
BenedictHOUECT,1
CrenshawHOUECT,2
Carolyn,3
GeorgeCorpEnron,1
Claudette,1
HarveyHOUECT,1
Terrellyn,1
ParkerHOUECT,1
Elena,1
MendozaNAEnron,1
Debra,2
DavidsonPDXECT,1
WentworthDENECT,1
DuMontPDXECT,1
Betty,2
ConewayHOUECT,1
Sherri,1
CarpenterHOUECT,1
FallonCorpEnron,1
Iris,4
WongCALECT,1
RebeccaYoung,1
Maxine,1
LevingstonCorpEnron,1
Lynn,2
PikofskyCorpEnron,1
Luann,1
MitchellCorpEnron,1
Ana,1
AlcantaraHOUECT,1
Deana,1
FortineCorpEnron,1
EdisonHOUECT,1
ZarskyHOUECT,1
Dusty,1
Warren,1
PaezHOUECT,1
Cristina,1
ZavalaSFECT,1
Denys,1
WatsonCorpEnron,1
CollinsHOUECT,2
Tammie,2
DavisNAEnron,1
Gerry,1
TaylorCorpEnron,1
Lorie,1
LeighHOUECT,1
TennantHOUECT,1
LealHOUECT,1
Rhonna,2
PalmerHOUECT,1
Joya,1
Erica,1
BradenHOUECT,1
Anabel,1
GutierrezHOUECT,1
Jenny,2
HeltonHOUECT,1
Christine,2
DrummondHOUECT,2
MooreHOUECT,3
Dina,1
SnowCorpEnron,1
Taffy,1
MilliganHOUECT,1
HallHOUECT,1
Crystal,1
BlairHOUECT,1
Melissa,3
JonesNAEnron,2
RyanHOUECT,1
Jae,1
Amy,3
CooperHOUECT,1
Reminder,1
essential,2
performed,3
memo,3
Bland,5
maintain,4
move,6
employees,5
ventures,1
collect,2
retain,2
employee,2
spirit,1
success,1
yearend,1
VPMD,2
Performance,1
Review,4
Process,1
PRC,1
Vice,3
Presidents,1
Managing,1
Directors,1
profiles,3
responsibilities,1
employment,2
history,3
education,1
HRGIS,3
HRWEB,1
intranet,1
hrwebenroncom,1
Or,3
eglobalenroncom,1
command,1
target,3
template,1
application,11
Schultea,1
timely,1
response,11
greatly,2
appreciated,2
TIM,4
HEIZENRADER,4
Strategy,7
Charts,1
BreeseHOUECT,1
storage,14
backtesting,1
enclosed,1
version,6
contains,2
deltas,1
decision,6
variable,3
resources,3
distribute,4
article,5
Caminus,1
software,1
vendor,1
illustrates,2
optionality,1
operation,4
implementation,2
healed,1
messenger,2
proxy,2
publication,2
Basically,3
clarification,5
shockwavecom,19
Download,3
Frogger,5
hops,1
away,1
Dear,4
leaving,4
Shockmachine,11
Every,3
frog,2
games,5
arcade,4
classic,2
news,3
forever,1
downloadable,1
favorites,1
offline,5
fullscreen,1
PST,2
,4
Unsubscribe,2
Instructions,12
Sure,3
unsubscribe,5
receiving,4
epallen,3
Walters,2
Tara,7
SweitzerHOUECT,1
FTDenver,2
Phil,3
Torrey,1
Moorer,1
Sweitzer,2
department,1
Per,3
bridged,1
IMDenver,1
advance,5
Mick,1
emailed,2
undercuts,1
provider,1
wholesale,6
hedge,1
lock,2
margin,1
renovation,1
orders,6
maintenance,11
Fridays,1
ectpdxsunoneectenroncomtheizenwsccnav,1
Belden,2
Thoughts,1
Presentation,5
shame,1
CAISO,6
WSCC,7
dicey,1
CEMMS,1
delay,1
ultimately,1
sources,11
suffice,1
siginificant,1
difference,2
pulling,1
someone,2
generates,1
instructed,1
uninstructed,1
miss,6
northern,1
munis,1
smud,1
caiso,1
sc,1
transfers,1
imports,3
Having,2
alternatives,3
underscheduling,1
depending,2
d,5
GW,1
gasgenerated,1
compared,5
consumption,3
UEG,1
uses,2
marginal,1
consumer,2
obviously,1
story,7
NP,1
Gen,1
Load,2
aMW,1
Hoskins,3
Ned,4
Waha,3
summerwinter,2
cycling,2
assumptions,6
injection,7
withdrawal,4
fuel,3
undiscounted,2
January,10
existed,2
Bid,3
MMBtuMonth,2
Demand,4
charges,3
exactly,5
Felix,1
Network,1
synergi,1
convenient,1
collecting,1
showing,2
adjust,2
Million,2
expansion,1
adding,1
jobs,1
tempted,1
Owner,1
opinion,3
hear,8
Sounds,1
busy,4
Congratulations,1
baby,2
Judging,1
girl,1
December,10
Evelyn,1
Three,1
Soccer,1
Tball,1
riding,2
Cole,1
coordination,1
fitness,1
intense,1
fanatical,1
cyclist,1
twice,2
never,6
misses,2
rain,2
shine,1
Sometimes,1
trails,1
Memorial,2
Park,1
Saturdays,1
Mountain,1
biking,1
dust,1
Maybe,3
grab,1
sometime,3
p,14
l,13
noticed,2
intramonth,1
strange,1
OK,1
ignore,1
mapping,4
NW,3
PGEN,3
Kingsgate,8
Citygate,4
resulting,2
loss,1
reallocate,1
overall,7
maybe,6
affects,1
seeing,1
anyway,1
Deal,4
paths,1
impacts,1
PGENTuscarora,1
Suggested,1
Change,1
GDPMalin,1
GDPKingsgate,1
Clay,5
Basin,8
five,6
tickets,4
withdrawals,1
injections,1
valued,4
Questar,1
substantially,1
injecting,2
losses,1
withdrawing,2
gains,1
systematic,1
handling,2
ideal,1
world,2
map,3
Anyway,1
operational,1
occurred,2
dollar,5
volumes,2
ticket,1
Rec,1
QuesClay,5
NWPLOpal,2
Sumas,1
NWPLS,2
Gr,1
Rvr,1
Del,1
Green,1
RiverClay,1
balances,2
fair,9
apply,1
ectpdxsunoneectenroncomctathamnavsetupindexhtm,1
westgasx,2
Seguin,2
resolve,4
authorization,3
Lets,1
Philllip,1
happened,2
vacancies,2
wade,2
Set,2
ErmisNW,1
Basis,5
Route,2
RkyMtn,1
EPNG,2
Richardson,1
FTNew,1
Alvarez,4
delayed,7
discussionsnegotiations,2
taking,9
doors,7
smoke,2
rooms,5
Commissioners,2
FERC,23
staffers,2
Never,2
highly,3
contain,3
cap,13
luncheon,2
attended,2
keynote,2
speaker,2
Chairman,4
Curt,2
Hebert,6
began,4
expressly,2
stating,4
comment,6
proceedings,4
enlightening,2
relate,2
caps,9
Caps,3
prolonging,2
shortages,2
Competitive,2
consumers,2
Any,15
however,8
increase,12
acceptable,6
Eight,2
eleven,2
Governors,2
oppose,3
export,2
intelligence,3
matter,5
pretty,2
anti,2
Commissioner,2
controls,3
agenda,6
item,5
bumped,2
Hope,4
helps,5
AlvarezNAEnron,2
potential,8
surprise,4
announcement,4
finally,6
CapacityCentercom,2
marketing,1
capacitycentercom,1
Industry_Participant,1
Intelligence,2
IMAGE,18
Transporation,1
Contract,2
Pipeline,4
Notices,3
Delivered,1
wwwcapacitycentercom,1
Register,1
Sign,1
Up,1
Trial,1
Through,1
Week,1
Capacity,3
Shopper,2
Learn,1
Pick,1
explore,1
releases,1
,2
Activity,4
competitors,1
match,4
OFO,1
And,1
Improved,1
Formats,1
Coming,1
Soon,1
Statistical,1
Snapshot,1
Release,2
memberonly,1
quick,3
snapshot,1
interstate,1
select,1
Professionals,1
notices,2
Reply,1
email,13
Remove,1
subject,6
Copyright,4
ALL,2
RIGHTS,1
RESERVED,1
consider,10
owner,1
Established,1
developerindividualgeneral,1
RateTermDownpayment,1
Large,2
Alert,2
Sukaly,1
MaggiCorpEnron,1
Williams,3
tolling,1
SoCal,16
Merrill,2
Lynch,2
life,2
Cal,2
heat,4
Border,2
MRL,1
brokered,1
warehousing,1
worth,9
,1
Dawn,2
continue,7
meet,17
DSL,3
installers,1
PC,1
Windows,2
Dyer,2
SW,9
McDonald,2
met,2
polite,1
asset,10
procurement,2
outsourcing,2
However,18
weather,3
hedges,2
throughput,2
related,2
earnings,2
confidentiality,3
sharing,1
proposals,1
Our,3
pitch,1
enhancing,1
shareholder,2
nonprofit,1
costly,1
reducing,2
identify,2
pursue,1
candidates,3
coverage,3
strategy,3
investigate,1
Municipals,1
SWG,2
approach,2
intend,3
systematically,1
targets,1
Black,3
Armstrong,1
Zub,1
preparation,1
understanding,6
nature,3
SW,2
describe,2
activities,3
typical,4
quantities,1
services,9
involving,1
control,3
assets,6
disallowance,1
commissions,2
mandate,1
portfolio,1
indexed,1
collars,1
Offering,1
guaranteed,1
discount,2
unless,5
investigation,1
PGA,1
preference,2
elements,3
ideas,5
remembering,1
birthday,1
beat,1
parents,1
smiling,1
sounds,3
folks,1
ready,14
late,7
Disney,1
birthdays,1
FallonHOUECT,5
Western,13
Session,2
charts,3
foundation,1
agreed,6
clean,6
whatever,5
assistant,3
Gomez,2
netback,2
worksheet,5
Hello,2
Men,2
addresses,1
lines,2
Gawain,1
Houston,14
Merlin,2
Ct,2
Meadow,1
Lake,1
inspect,1
mac,1
paperwork,1
phillip,2
executing,2
Bad,1
Webber,1
Employees,2
premier,1
service,8
transfer,7
photograph,2
dimensions,8
Deep,2
living,6
addition,10
deep,2
porch,12
modification,2
gable,8
flush,2
inspection,3
Listing,1
tara,2
Tory,3
Lenhart,6
Gay,2
making,3
fridge,1
Talk,7
Heizenrader,3
Briefing,2
Slides,3
session,3
Bhavna,2
PandyaHOUECT,1
MeetingTHURSDAY,1
MARCH,1
March,18
introduce,1
Pandya,1
assisting,1
Stephane,3
common,3
List,5
sensitive,2
Brodeur,2
Maps,2
friday,2
Philip,3
Either,3
forgot,2
WK,2
KellyHOUECT,4
Priority,1
underlying,2
accuracy,2
quotes,14
Pauline,2
rock,4
removed,2
replaced,2
clarify,3
Jacques,18
negotiations,4
stall,2
cut,4
smoothly,2
Benson,4
Meetings,6
advise,5
Sr,24
Specialist,28
Government,2
Affairs,2
Americas,2
,2
BensonNAEnron,2
Butler,4
EricBenson,2
SteveKean,2
RichardShapiro,2
Real,10
Video,5
November,3
ButlerET,2
ChristiLNicolay,2
SteffesNAEnron,13
RebeccaCantrell,2
Shelley,4
CormanET,2
URL,4
Capitol,4
Connection,4
assuming,4
VideoAudio,2
connected,4
wwwcapitolconnectiongmuedu,2
sight,2
Dialogue,2
enrony,2
fercnow,2
Player,2
connect,2
Expand,2
easier,2
Adjust,2
remove,1
Shiring,2
Liz,1
Rivera,1
rc,1
ac,1
collected,1
tax,1
expense,3
collection,1
Fax,6
Anymore,1
yard,1
Setup,1
File,1
Portrait,1
Landscape,1
printing,2
vertically,1
horizontally,1
Fit,1
Print,1
preview,1
sparkplugs,1
miles,2
valve,1
idled,1
broken,1
Glad,1
Great,1
February,12
renamed,1
Mar,6
Summaries,1
rollover,1
interruption,1
Released,1
Exclusive,1
Stan,2
Lee,14
Portal,3
super,1
hero,1
actionadventure,1
featuring,1
global,1
band,1
teenage,1
testers,1
pulled,1
parallel,1
universe,3
warp,2
fate,1
earth,1
fight,2
Mongorr,1
Merciful,1
evil,1
force,1
legendary,1
creator,1
Spiderman,1
Incredible,1
Hulk,1
brings,3
Game,1
Begin,2
episode,1
series,1
exclusively,1
,4
Advertisement,2
RollingStonecom,1
Watch,1
Music,1
News,1
Read,1
album,2
scoop,1
artists,1
including,6
photos,1
bios,1
song,1
clips,1
links,1
Win,1
prizes,1
MORE,1
n,1
Imelda,1
switch,1
sitara,1
implied,3
san,2
partially,2
futures,2
Whatever,2
offset,2
VAR,6
adjusted,5
Fraser,1
PIRA,10
CaliforniaSouthwest,3
Study,2
JEn,1
Steele,2
jsteele,3
piracom,3
Retainer,1
focuses,1
Region,3
study,9
Infrastructure,1
Group,7
announces,1
continuation,1
multiclient,1
Reliability,2
Value,2
parts,1
representing,1
discrete,1
insights,1
prospectus,2
PDF,1
Word,1
outlines,1
methodology,1
deliverables,1
inform,2
commenced,1
Southwest,1
regions,1
begins,1
fundamental,2
US,2
Pipelines,1
covering,1
NV,1
AZ,1
context,1
primary,1
secondary,1
Topock,1
CaliforniaSW,1
workshop,1
element,1
Arizona,1
Biltmore,1
Hotel,1
Phoenix,1
joining,2
discounted,1
block,1
explains,1
subscribing,2
regards,1
savings,3
retainer,1
discounts,1
hesitate,1
PROSPECTUSPDF,1
PROSPECTUSdoc,1
Lucci,1
Niccole,1
Cortez,1
executable,1
mary,4
carpet,2
shampooer,1
Make,1
withholding,1
social,1
appeal,1
Skilling,1
Wright,1
Amelia,1
AlderOTSEnron,1
Cycles,1
Body,2
Shop,2
applaud,1
cycle,1
Saves,1
pollution,1
healthy,1
provides,2
racks,2
accommodate,1
responsibility,1
storing,1
cycles,2
Keep,1
Pedalling,1
Rahal,4
georgerahal,4
acnpowercom,4
Phillip_K_Allen,6
financials,5
Clinton,2
meantime,2
indications,3
ACN,5
Jones,16
Branch,2
Drive,3
Suite,5
McLean,2
VA,3
Phone,2
ext,2
Cell,2
insurance,5
prorate,2
policy,8
Kuo,2
randy,1
Doublecheck,1
G,2
Wolf,1
moving,6
Olinger,1
code,2
richards,1
suppvendor,1
totals,1
forms,3
taxes,1
______________________________________________________,1
Updated,2
slow,1
turnaround,1
documentation,2
granting,1
showed,3
vishal,1
resigned,1
HaydenENRON,3
Selling,4
XH,2
lowers,4
KV,2
unwind,2
Based,7
negotiate,3
push,2
seasonal,3
dopewars,2
mlenhart,3
mmitchm,1
msncom,1
DOPEWARSexe,1
enorman,2
livingcom,7
ben,1
stephanie,1
Choosing,2
style,8
inquiry,2
effectively,1
wwwlivingcomutilloginjhtml,1
selected,2
pieces,1
URLs,1
helpful,6
Area,1
Rugs,1
wwwlivingcomshoppingitemitemjhtml,19
productIdLCMERILANDNEEDLE,1
Sofas,1
Chairs,1
Occasional,1
Tables,1
Dining,1
Best,1
Erika,9
designadvice,2
PS,1
Clearance,1
livingcomsalesjanuary_clearancejhtml,1
Valentine,1
Day,1
Gifts,1
livingcomshoppinglistlistjhtml,1
salevalentines,1
hillcountry,1
exterior,9
farmhouse,5
porches,3
features,2
stained,1
scored,2
concrete,2
floors,6
livingdiningkitchen,1
concept,1
windows,3
upstairs,7
relaxed,1
,1
FirstName,1
LastName,1
allen,1
FTWest,1
change,1
master,3
IMWestChange,1
Mock,1
enrollment,1
mistake,1
JeffBrenda,2
CitygateDaily,1
BOM,4
Monthly,4
MalinDaily,1
KeystoneMonthly,1
BorderDaily,1
TopockDaily,1
Neuner,1
demandrecstorage,1
ehrenberg,1
swing,1
Griff,3
publications,2
Dexter,10
Steis,5
Intelligence,2
dexter,4
Kucher,3
Ferc,2
lkuch,2
mhcom,2
Bidweek,2
setup,1
stack,1
Note,3
execute,2
restrict,1
execution,1
authority,2
Received,5
Stage,6
emails,1
stalking,1
Stick,1
thousand,1
addictive,1
trap,1
Centipede,2
kick,1
hooked,2
operates,1
greatest,1
needle,1
quarters,2
Arcade,2
Classics,2
stick,3
em,1
offline,3
,10
Lick,1
Frog,1
wo,5
handsome,1
prince,1
ss,1
memories,2
hopping,1
laundry,2
Missile,2
Command,2
Decide,1
Take,2
horrible,1
boss,1
beautiful,1
feature,1
Grab,1
missiles,1
falling,1
Want,1
Higher,1
Wan,1
na,1
straight,1
crack,1
old,3
score,1
bugs,1
Souls,1
Sale,1
Atari,1
machines,1
clubs,1
soul,1
man,2
Super,1
Breakout,1
alive,1
player,1
Loverboy,1
Playing,1
easiest,2
remember,2
havent,1
machine,1
REMOVAL,1
MAILING,1
LIST,1
INSTRUCTIONS,1
method,1
apologize,1
attempts,1
telling,2
stuff,4
Naomi,1
analysts,6
Vishal,3
Apte,1
represented,1
joined,1
Fallon,1
excellent,1
unrepresented,1
draw,5
status,5
quote,2
resume,10
interviews,6
stanleyhorton,1
dmccarty,1
Summary,4
maps,1
graphs,2
bcc,1
attempting,1
explain,2
hydro,3
temperature,2
Many,2
solid,3
guys,2
coordinate,2
listens,1
recording,1
calls,3
Steffes,4
Wholesale,6
Activities,4
Conf,4
Privileged,4
Confidential,4
Communication,8
AttorneyClient,4
Attorney,4
Work,5
Product,4
Privileges,4
Asserted,4
matters,4
raise,6
state,20
WaltonHOUECT,4
MaraNAEnron,10
Leslie,6
LawnerNAEnron,4
CantrellHOUECT,6
FultonCorpEnron,6
NicolayHOUECT,4
jalexander,2
gibbsbrunscom,2
Linda,8
NoskeHOUECT,2
Pacific,4
Central,14
Eastern,2
Number,2
Host,2
Code,4
ongoing,2
O,2
reviseadd,2
to,2
Proposed,2
Power,2
Discussion,2
mitigation,4
upcoming,4
filings,2
Gas,2
subpoenas,2
Edison,12
Misc,2
participate,2
Senate,7
Hearing,2
WalshENRON,1
LavoratoENRON,1
Louise,3
KitchenHOUECT,3
BeldenENRON,1
GaskillENRON,1
HeizenraderENRON,1
KeanNAEnron,4
Claudio,1
RibeiroENRON,1
TawneyENRON,1
TholanENRON,1
Britt,1
WhitmanENRON,1
Walsh,1
Bridge,2
Financing,4
Bills,1
Meet,1
Their,2
Deadline,1
Due,4
Lack,1
Support,1
Sources,3
vote,1
issuancebridge,1
deadline,3
possibility,2
reportedly,6
fallen,2
apart,1
Republicans,12
Democratic,2
caucuses,1
turning,2
Davis,6
caucus,1
unwilling,2
legislative,3
Democrats,1
trust,3
express,1
bonds,5
replenish,1
Fund,3
dip,2
fund,1
Clearly,1
lack,4
faith,3
legislature,7
governor,5
believed,2
discloses,1
contracts,15
negotiated,3
issuance,6
generator,1
reported,7
longterm,3
opposed,3
breach,1
bridge,6
legislation,2
whereby,1
eat,1
billion,17
thereby,1
decreasing,1
concession,1
disclosure,2
crisis,2
Currently,1
bills,2
AB,6
authorizes,2
DWR,3
passed,5
stalled,1
Assembly,1
Republican,1
conservation,5
community,1
college,1
districts,1
amended,1
relevant,1
Senator,3
Bowen,3
states,1
cause,1
bankruptcy,4
instance,1
Tony,4
Strickland,1
stated,1
issuing,1
Brothers,2
feels,3
unnecessary,3
Points,1
Initial,1
Amount,1
Lenders,1
JP,1
Morgan,1
Bear,1
Stearns,1
Tax,2
Exempt,1
Portion,1
taxexempt,1
Projected,2
Interest,2
Rate,3
Taxable,1
TaxExempt,1
Blended,1
IR,1
Maturity,1
Bill,6
SB,5
Passed,1
Yesterday,2
Little,1
Done,1
Consumer,1
Conservation,2
Authority,3
authorized,5
Again,1
authorizations,1
taxpayers,1
clarified,1
defined,1
purpose,1
Public,4
considered,4
victory,1
advocates,1
promoting,1
Bankruptcy,1
trigger,1
rejection,1
MOU,5
votes,2
pas,1
voluntary,2
creditor,1
involuntary,1
triggering,1
linked,1
amend,1
ratepayers,1
residual,1
words,1
urging,1
proportionately,1
Hull,2
suited,2
o,2
Chad,3
deserves,1
feeling,2
optimistic,5
panel,4
system,6
incorporate,2
budget,6
iterations,2
prospect,5
framers,2
seeking,2
probability,3
seriously,2
slight,4
Mog,4
BuckleyENRON,2
Track,5
slides,7
preapred,2
e,2
Heu,2
York,3
karen,2
handouts,4
train,3
rotation,4
Unless,2
dying,2
silent,2
Regular,2
overnight,2
wire,4
wiring,2
Desk,10
Approved,4
Trader,4
Title,2
Only,6
Don,9
Hewitt,4
Jess,9
Director,10
Desks,4
Vanderhorst,2
Shireman,2
Kris,2
Des,3
Champs,2
Reynolds,2
Roger,6
Migliano,2
Wiltfong,2
Barker,2
Fleming,2
Tate,2
Driscoll,2
Marde,3
Blaine,2
Guerra,2
Bangle,2
Christina,6
Rhonda,4
Boettcher,2
Amanda,3
Pendegraft,2
Sherry,5
Ruby,3
Robinson,2
Diza,2
Alain,3
P,2
Revised,3
Listdoc,2
Insurance,4
Agency,2
Inc,7
N,2
Lamar,2
PO,2
Policy,2
Jeanette,2
Peterson,2
Vista,3
Partners,2
appraiser,3
Dad,4
walk,3
simplistic,2
plants,12
worse,2
bullish,2
unsure,1
Was,1
environmental,2
recovered,1
architect,13
detailed,10
specification,2
Probably,2
early,3
Stephen,5
Swain,1
DriscollPDXECT,1
MalloryPDXECT,1
IIIPDXECT,1
reduction,8
et,1
al,1
digging,1
intuition,1
reductions,6
eg,2
absolutely,1
adjusting,1
factors,1
translates,2
MWa,9
Looking,1
forced,5
rolling,6
blackouts,6
forecasters,1
estimating,1
yearonyear,1
scenario,1
imagine,2
percentage,4
Given,4
decrease,1
signals,1
retail,2
approx,5
JunAug,1
aimed,1
specifically,1
promoted,1
likelihood,1
perhaps,1
exceeding,1
figure,3
slowdown,2
Calif,13
depress,1
attainable,1
nonISO,1
LADWP,5
IID,1
aluminum,3
smelter,1
Dec,2
stay,6
Sep,1
possibly,1
BPA,3
gets,3
nonCalif,2
mining,1
recently,1
announced,1
sharply,1
curtailing,1
pin,1
industrials,1
suit,2
ripple,1
factor,2
,7
realized,1
continuing,1
becomes,1
Meantime,1
commitments,1
AC,2
numer,1
Jed,3
Hershey,2
jhershey,1
sempratradingcom,1
pallen,3
SanJuanSoCal,1
Unfortunately,1
transact,1
levels,3
SocalJuan,2
usdmmbtu,2
calculations,1
privileged,2
attorneyclient,1
andor,10
confidential,2
recipient,4
unintended,1
constitute,1
waiver,1
applicable,1
privilege,1
Reading,1
dissemination,2
copying,1
agents,1
strictly,1
prohibited,2
error,2
immediately,5
notify,1
delete,4
SET,4
SDG,1
SoCalGas,1
owned,3
parent,2
regulated,2
postponed,1
residence,2
finalize,1
begin,2
competive,1
builder,7
determination,1
blanks,1
Exhibit,2
FloresTotal,1
outstanding,7
Kohutek,1
Cuatro,1
appraisal,15
reimburse,1
Sellers,1
consideration,3
sellers,2
declined,2
counter,1
cash,1
signing,3
incentives,1
engaging,1
logical,1
step,1
contacted,1
officially,1
engage,1
satisfied,4
owners,1
references,1
specs,3
LewisHOUEES,4
Hour,1
FredPhillipScott,1
Sambuca,1
guests,3
invite,1
wwwamericangreetingscompickuppd,1
Assets,1
Land,4
Preliminary,2
Architecture,1
DesignKipp,1
Architects,1
EngineeringCuatro,1
Consultants,3
Ltd,7
Soils,1
StudyKohutek,1
Engineering,2
Testing,2
AppraisalAtrium,1
Estate,2
Liabilities,1
Outstanding,1
Invoices,1
Cuatro,3
Kohutek,2
Consideration,1
Concessions,1
Forgive,1
Reimburse,1
partial,3
Parking,4
DeShonda,1
Hamilton,1
AlfordNAEnron,1
Megan,1
AngelosEnron,1
AdamsHOUECT,2
AllarioEnron,1
Irma,2
AlvarezEnron,1
Berney,1
AucoinHOUECT,1
BanczakHOUECT,1
Robin,1
BarbeHOUECT,1
BaughmanEnron,1
Pam,1
BectonEnron,1
Corry,1
BentleyHOUECT,1
Patricia,1
BloomEnron,1
Jerry,1
BritainEnron,1
BillsEnron,1
BlaineENRON,1
BoytCorpEnron,1
ArguijoEnron,1
AderHOUEES,1
BernsteinHOUEES,1
BryanHOUECT,1
CarterHOUECT,1
Carol,4
CarterEnron,1
Carmen,1
ChaviraEnron,1
ClarkEnron,2
Morris,1
Terri,4
ClynesHOUECT,1
Karla,1
CompeanEnron,1
ConnerHOUECT,1
Sheri,2
CromwellEnron,1
Edith,1
CrossHOUECT,1
CuillaHOUECT,1
CurryEnron,1
DanielsonSFECT,1
Peter,2
del,1
VecchioHOUECT,1
DillardCorpEnron,1
Rufino,1
DoroteoEnron,1
DuttaHOUECT,1
Laynie,1
EastEnron,1
EnersonHOUECT,1
FairleyEnron,1
Nony,1
FloresHOUECT,1
FoxEnron,1
GartnerEnron,1
GermanyHOUECT,1
ButlerEnron,2
ClarkNAEnron,1
CoffmanCorpEnron,1
Ron,2
CokerCorpEnron,1
ColemanEWCEnron,1
DawEnron,1
DuttEnron,1
Kurt,1
EggebrechtENRON,1
enronxgate,1
FrancisEnron,1
GeorgeNAEnron,1
CorbetENRON_DEVELOPMENT,1
ENRON_DEVELOPMENt,3
Margaret,2
DoucetteENRON_DEVELOPMENT,1
GarciaENRON_DEVELOPMENT,1
Humberto,1
CubillosUejbeHOUEES,1
Barton,1
ClarkHOUECT,1
CradyENRON_DEVELOPMENT,1
Stacy,1
GibsonEnron,1
GilbertHOUECT,1
Mathew,1
GimbleHOUECT,1
Alisa,1
GreenEnron,1
Wayne,3
GreshamHOUECT,1
GuinnHOUECT,1
HarrisHOUECT,1
Tosha,1
HendersonHOUECT,1
HendricksonHOUECT,1
HiemstraHOUECT,1
HillisEnron,1
Dorie,1
HitchcockHOUECT,1
Georgeanne,1
HodgesEnron,1
HooverHOUECT,1
HouseHOUECT,1
HrgovcicEnron,1
Dan,9
HyvlHOUECT,1
IrvinHOUECT,1
Rhett,1
JacksonEnron,1
JohnsonHOUECT,1
JonEnron,1
Tana,1
JonesHOUECT,1
KeaveyHOUECT,1
KeenanHOUECT,1
KerriganEnron,1
KettlerHOUECT,1
Faith,1
KillenEnron,1
GordonEnron,1
HarrisNAEnron,1
HerronEnron,1
Lynna,1
KacalEnron,1
KeelEnron,1
KimballNAEnron,1
GoldenENRON_DEVELOPMENT,1
HickokENRON_DEVELOPMENT,1
HowleyHOUEES,1
KingEnron,1
KinnemanEnron,1
Troy,1
KlussmannEnron,1
KnippaHOUECT,1
Deb,1
KorkmasHOUECT,1
Heather,2
KrollEnron,1
Lindsay,1
LongEnron,1
Blanca,1
LopezEnron,1
Gretchen,1
LotzHOUECT,1
LyonsHOUECT,1
Molly,1
MageeEnron,1
MahmoudHOUECT,1
MarksHOUECT,1
MartinezHOUECT,1
Deirdre,1
McCaffreyHOUECT,1
McCormickEnron,1
Travis,3
McCulloughHOUECT,3
McKayHOUECT,1
McSherryEnron,1
MellencampHOUECT,1
MelodickEnron,1
MillerHOUECT,2
Patrice,1
MimsHOUECT,1
Yvette,1
MiroballiEnron,1
MitroHOUECT,1
MoonHOUECT,1
Janice,1
KrauseCorpEnron,1
KrimskyCorpEnron,1
Shahnaz,1
LakhoNAEnron,1
LenartowiczCorpEnron,1
MannCorpEnron,1
MartinezEnron,1
MelendrezEnron,1
Veronica,2
MontielENRON_DEVELOPMENT,1
KrasnyEnron,1
MorseHOUECT,1
Gerald,1
NemecHOUECT,1
OgdenHOUECT,1
OlitskyHOUECT,1
OndrekoEnron,1
PaganEnron,1
PalmerEnron,1
Anita,1
PattonHOUECT,1
PenaHOUECT,1
PerlingiereHOUECT,1
PeytonHOUECT,1
PizzolatoEnron,1
PodurgielHOUECT,1
PortzHOUECT,1
QuickEnron,1
Dutch,1
QuigleyHOUECT,1
Pat,3
RadfordHOUECT,1
RimbauHOUECT,1
RingHOUECT,1
RiosEnron,1
Benjamin,1
RogersHOUECT,1
RuscittiHOUECT,1
SagerHOUECT,3
SandersHOUECT,9
Janelle,1
ScheuerEnron,1
Sara,1
ShackletonHOUECT,1
Caroline,1
NugentEnron,1
OrellanaENRON,1
ParksEnron,1
PruettEnron,1
Mitch,1
RobinsonCorpEnron,1
MuschEnron,1
PardueENRON_DEVELOPMENT,1
RogersENRON_DEVELOPMENT,1
SayreENRON_DEVELOPMENT,1
RadousCorpEnron,1
ShepperdEnron,1
Cris,1
ShermanEnron,1
ShoemakeHOUECT,1
SimpsonHOUECT,1
Jeanie,2
SloneEnron,1
SmithEnron,5
Maureen,2
Shari,2
StackHOUECT,1
Geoff,1
StoreyHOUECT,1
SwaffordEnron,1
TapscottHOUECT,1
ThomeHOUECT,1
ValderramaEnron,1
Van,1
HooserHOUECT,1
VargasEnron,1
VassHOUECT,1
Victoria,1
VersenHOUECT,1
VettersHOUECT,1
WallisHOUECT,1
Samuel,1
WehnHOUECT,1
WiesepapeHOUECT,1
WilhiteHOUECT,1
WilliamsPDXECT,1
WolfeEnron,1
ZismanHOUECT,1
ZivicHOUECT,1
SontagEnron,1
ThodeCorpEnron,3
Shiji,1
VarkeyEnron,1
VickersNAEnron,2
WhitingEnron,1
Becky,2
YoungNAEnron,1
Emily,1
AdamoEnron,1
Jacqueline,1
AguayoHOUECT,1
AlixENRON,1
AnastasHOUECT,1
ArmstrongEnron,1
ArriagaHOUECT,1
Susie,1
AyalaHOUECT,1
BarberEnron,1
Gloria,1
BarkowskyHOUECT,1
Wilma,1
BleshmanEnron,1
BruceEnron,1
BurchfieldEnron,1
Anthony,1
ChanEnron,1
ChumleyEnron,1
Marilyn,1
ColbertHOUECT,1
Audrey,1
CookHOUECT,2
Diane,1
Magdelena,1
CruzEnron,1
Bridgette,1
AndersonCorpEnron,1
Walt,1
AppelENRON,1
BerberianEnron,1
Rosie,1
CastilloEnron,1
ClarkCorpEnron,1
DavisEnron,1
CashEnron,1
Mathis,1
ConnerEnron,1
Lawrence,1
DazeEnron,1
DentonHOUECT,1
DiebnerEnron,1
DocwraHOUECT,1
DSilvaHOUECT,1
EasleyHOUECT,1
EllermanEnron,1
ElliottEnron,1
Rene,1
EnriquezEnron,1
SooLian,1
Eng,1
ErvinEnron,1
Irene,1
FlynnHOUECT,1
FunkEnron,1
FussellEnron,1
Clarissa,1
GarciaHOUECT,1
GilletteHOUECT,1
GilleyHOUECT,1
Gerri,2
GuadarramaEnron,1
HakemackHOUECT,1
HarmonEnron,1
HarrisonEnron,1
Alton,1
HonoreHOUECT,1
Roberto,1
DeleonEnron,1
DesaiHRCorpEnron,1
Hal,1
ElrodEnron,1
FinkenEnron,1
FloresCuellarEnron,1
FuentesEnron,1
GearhartEnron,1
Sharon,5
GonzalesNAEnron,1
GrahamEnron,1
GrosEnron,1
Sam,1
GuerreroEnron,1
HawthornEnron,1
HerreraCorpEnron,1
DuckerEnron,1
Jarod,1
JensonEnron,1
Wenyao,1
JiaEnron,1
KenneHOUECT,1
LambertHOUECT,1
LathamHOUECT,1
Jonathan,2
LeEnron,1
LeesHOUECT,1
Kori,1
LoiblHOUECT,1
Duong,1
LuuEnron,1
MaoHOUECT,1
MaxwellEnron,1
McClureHOUECT,1
McDowellEnron,1
McIntyreEnron,1
McNairEnron,1
MeurerEnron,1
MorganHOUECT,1
NelsonHOUECT,1
NevesEnron,1
Joanie,1
NgoHOUECT,1
Thu,6
NguyenHOUECT,1
HyltonEnron,1
JohnsonEnron,2
JonesEnron,1
Kara,1
KnopEnron,1
LetvinEnron,1
LinkEnron,1
MooreEnron,1
NguyenCorpEnron,1
ThuHa,1
NguyenEnron,2
Reina,1
MendezEnron,1
KarbarzEnron,1
MayEnron,1
NordenEnron,1
OlingerHOUECT,1
PinionHOUECT,1
PowellEnron,1
C,1
RandleEnron,1
ReevesHOUECT,1
Stacey,3
RichardsonHOUECT,1
Drew,1
RiesEnron,1
RuizMADECT,1
SchoppeHOUECT,1
Sherlyn,1
SchumackHOUECT,1
ScottHOUECT,3
SeverHOUECT,1
ShupakEnron,1
SolmonsonEnron,1
Sai,1
SreeramaHOUECT,1
Mechelle,1
StevensHOUECT,1
SwaimEnron,1
OquendoEnron,1
OrsakENRON,1
PalmerCorpEnron,3
PatrickEnron,1
PavettoEnron,1
PernotEnron,1
ReeseEnron,1
RivasEnron,1
SargentEnron,1
Vanessa,1
SchulteEnron,1
Rex,1
ShelbyEnron,1
SnyderEnron,1
SteeleEnron,1
Omar,1
TahaEnron,1
PetersEnron,1
Harry,6
SwintonEnron,1
PostEnron,1
Mable,1
TangEnron,1
Alfonso,1
TrabulsiHOUECT,1
TrevinoHOUECT,1
Connie,1
TruongEnron,1
Khadiza,1
UddinEnron,1
Adarsh,1
VakhariaHOUECT,1
Rennu,1
VargheseEnron,1
VaughnHOUECT,1
WaltersHOUECT,1
WeatherstoneEnron,1
WhiteHOUECT,2
WilliamsHOUECT,1
WilliamsonEnron,1
Jeremy,4
WongEnron,1
WynneHOUECT,1
TenneyEnron,1
ThelenEnron,1
Jessie,1
WangEnron,1
Gwendolyn,1
WilliamsENRON,1
Dejoun,1
WindlessCorpEnron,1
YarbroughEnron,1
ZamerEnron,1
HigginsHOUECT,1
JohnEnron,1
Francisco,1
Pinto,1
LeiteENRON_DEVELOPMENT,1
TycholizNAEnron,5
HallNAEnron,1
Pamela,1
BrownNAEnron,1
Louis,1
AllenEPSCHOUECT,1
Raquel,1
LopezCorpEnron,1
Garage,2
garage,12
Met,1
garages,2
offered,1
parking,6
Spaces,1
served,1
subsidy,1
spaces,1
Saturn,2
Ring,2
connects,1
parkers,1
entrance,1
stairways,1
elevator,2
lobbies,1
exit,2
trouble,2
accepting,1
reply,3
Following,1
arrangements,1
card,1
transponder,1
packet,1
reached,2
TransportationCorpEnron,1
pedestrians,1
stairwell,1
located,1
corner,1
Bell,2
https,1
role,1
d,1
structured,1
supervision,1
primitive,1
outline,1
thrilled,1
boost,2
offering,2
connections,2
discounting,1
picture,4
simple,9
acres,4
Wimberley,4
obvious,4
dormers,5
Metal,5
stairs,7
Overall,4
kitchen,7
cabinets,7
shaped,4
island,4
enlarge,4
pantry,4
suggested,4
avoid,5
leaks,4
thinking,6
bringing,6
stucco,5
finishings,4
sketch,4
allowed,6
postmaster,2
caprocknet,7
Nondeliverable,2
Transcript,1
scsatkfa,5
postmasterenroncom,2
SMTPSVC,1
ESMTP,3
GMT,5
CST,5
unverified,1
Content,1
Technologies,1
SMTPRS,1
MessageID,1
XMIMETrack,1
Serialize,1
Router,1
December,1
MIMEVersion,1
Contenttype,1
multipartmixed,1
Boundary,1
ContentDisposition,1
inline,1
ReturnPath,1
Lumber,1
pine,1
Would,4
fir,1
spruce,1
joist,2
rafters,1
engineered,1
trusses,1
insulation,2
dampen,1
ceiling,1
Batts,1
blown,1
Fiberglass,1
Cellulose,1
ridge,1
venting,1
vents,1
turbine,1
interior,2
sides,2
apron,2
stool,1
special,2
tile,1
prevent,1
cracking,1
plywood,1
hardi,1
underlay,1
bannister,1
iron,2
label,1
intending,2
pedestal,1
sink,1
undermount,3
sinks,1
ins,1
stainless,1
cast,1
baths,4
Prewired,1
indoors,1
outdoors,1
door,1
drawer,1
Exterior,2
Cedar,1
decking,1
Iron,1
railings,1
Fixed,5
painfully,1
drawn,1
dropping,1
consulting,1
agreements,8
wondering,2
consultants,4
conveyed,1
Cost,9
gross,1
,2
rentable,5
OnSite,1
Requirements,1
allowance,1
developers,1
Closing,1
Application,1
receives,1
sunk,1
declines,1
Where,1
pro,4
forma,1
puts,1
NOI,4
vacancy,2
debt,9
Grif,1
NGI,3
Publisher,1
Press,1
Glenn,1
Sterling,1
tel,1
intelligencepresscom,1
wwwgasmartcom,1
shortly,2
reading,1
prefers,1
strikes,1
His,2
pays,1
retention,1
photograhph,1
Specific,1
Stained,1
downstairs,4
Wood,3
Two,7
rear,1
Granite,1
counters,1
kitchens,1
Tile,1
w,2
gutters,1
Maple,1
Solid,1
wood,1
fully,2
trimmed,1
Crown,1
molding,1
areas,1
wall,1
Undecided,1
Vinyl,1
Aluminum,1
rough,2
white,1
brick,1
ft,2
livable,1
deduct,1
simplicity,1
basically,1
Something,2
Hugo,8
replatt,1
quicker,1
replatting,3
spots,1
planned,2
students,1
extra,5
keith,2
holst,1
object,1
finance,1
Technically,1
altered,1
Most,1
unclear,3
obligations,4
appraisor,1
GROUP,2
Basics,2
Multipurpose,2
Members,3
FlemingHOUEES,1
BarkerHOUEES,1
Barend,1
VanderHorstHOUEES,1
BlaineHOUEES,1
DizaHOUEES,1
SmithHOUEES,6
BangleHOUEES,1
PendegraftHOUEES,1
DriscollHOUEES,1
SalinasHOUEES,1
HausingerHOUEES,1
Joshua,1
BrayHOUEES,1
WiltfongHOUEES,1
Owners,2
DupreHOUEES,7
Administrators,2
Foreign,2
directory,2
sync,2
GuerraHOUEES,1
RobertsHOUEES,1
ArnoldHOUEES,1
BoettcherHOUEES,1
GriffinHOUEES,1
HewittHOUEES,4
Artemio,1
MunizHOUEES,1
Eugene,1
ZeitzHOUEES,1
WhittakerHOUEES,1
Roland,1
AguilarHOUEES,1
RobinsonHOUEES,1
ReynoldsHOUEES,1
CoolidgeHOUEES,1
ChampsHOUEES,1
Kristann,1
ShiremanHOUEES,1
bmckay,1
BradMcKay,1
Wed,5
Thurs,2
spring,1
stopping,1
Elizondo,1
green,1
light,1
submit,4
city,4
Gordon,8
contracted,1
inquire,1
longer,2
llewter,3
Buyout,6
Larrry,2
disappointed,2
pocket,2
applied,6
agree,4
refunded,2
locate,2
itcappscorpenroncomsrrsauthemailLinkasp,1
Page,1
Bloomberg,2
Still,1
loop,1
convey,2
writing,2
Between,1
expertise,1
structuring,2
bad,4
architecture,1
claim,1
earnest,2
Bishop,1
Corner,9
undisclosed,1
conveyance,1
saver,1
inclination,1
sheets,2
TW,3
expansions,1
tie,2
missed,12
recommendation,1
salaries,1
ODonnell,7
aod,2
newsdatacom,2
WesternPriceSurveycontacts,1
Fellowpowerreporters,1
Behind,1
CalISO,6
declaration,1
alert,2
triggered,1
Bonneville,2
Administration,2
cease,2
hourtohour,1
excess,2
result,2
biological,1
standards,1
stopped,2
reservoirs,1
runoff,1
agency,1
Department,3
Water,2
ended,2
PowerEx,1
edition,1
Markets,1
newsletter,1
restricted,2
ones,1
elected,2
defer,1
distributions,2
minimum,6
grants,1
vested,1
deferral,1
Andrew_M_Ozuna,3
bankonecom,3
MF,1
outlinedoc,2
MAPTTRAxls,4
Sample,1
checklist,1
Checklistdoc,2
Somehow,1
lost,1
resend,1
isssues,1
stagecoach,3
LLEWTER,6
Bishops,8
Ltd,2
Horseshoe,2
Ledge,2
Telephone,2
Street,2
Restructure,4
compensation,3
assumption,5
contracts,2
civil,3
unpaid,2
invoices,4
Acting,2
invested,3
preconstruction,2
elements,2
pursue,2
methods,2
valuing,2
earned,4
time,2
date,2
correspondence,2
neither,2
includes,8
forfeit,2
overhead,2
outlays,2
accrued,2
buyout,9
provided,2
extraordinary,2
both,2
week,2
attorneys,2
minimal,2
Partnership,2
you,2
PS,2
Copies,3
acceptance,2
buyout,2
headerhtm,2
oledatamso,2
Buyoutxls,2
Jacquestc,1
tweak,2
presents,2
concessions,2
Gentlemen,1
Alexandro,1
platt,1
combine,1
topographical,1
tree,1
begun,2
easements,1
parcel,1
grading,1
engaged,1
contention,2
Sunday,2
joke,1
soil,1
deserve,1
intentional,1
unsupportable,1
threaten,1
foreclose,1
waste,2
Benotti,2
stephenbenotti,2
painewebbercom,2
TAX,1
ANSWERED,1
Notice,4
Entry,2
Orders,4
transmit,2
PaineWebber,8
transmitted,3
carrying,2
Privacy,2
Confidentiality,2
content,2
Filepdf,1
started,3
deed,2
advantageous,1
Quattro,2
Buda,2
matt,1
Database,1
forecasting,2
backing,2
ISO,32
actuals,1
gen,2
temps,1
core,2
Back,1
balance,10
communicate,1
owe,1
biweekly,2
informed,1
Phase,3
II,5
OzunaTXBANCONE,1
Ozuna,2
Upon,1
somewhat,1
diligence,1
addressed,3
proforma,3
Bedroom,2
downward,3
acheiving,1
online,1
pressures,1
leveraged,1
summarized,2
Proforma,2
ProForma,1
Adjustment,1
Unit,5
Rent,4
RentBR,2
BA,1
BRUnit,1
increased,8
reserve,1
Potential,1
Gross,1
Income,1
PGI,1
NOI,1
parameters,1
ratio,1
amo,1
phantom,1
Borrower,1
consisting,1
Deferred,1
Overhead,1
deferred,4
Darrell,1
excessively,1
himself,1
agreeable,2
Making,1
Florres,1
GaskillCorpEnron,3
Range,1
Hydro,3
Forecast,1
PNW,1
BiOp,2
faxing,1
elevation,1
refaxed,1
amendment,1
Daryl,1
comps,3
MS,1
went,1
Colorado,1
learned,1
Hayden,4
authorizing,1
Cross,2
Commodity,2
Zufferli,1
McKay,1
I,1
ve,1
cross,2
commoditiesproducts,1
,1
respective,1
commodities,1
gasoline,1
precip,1
coal,1
forex,1
currency,1
Traders,1
Specifically,2
gathered,2
components,2
Site,2
Interim,2
Common,2
Areas,2
adjustments,2
recognize,3
performing,2
occupancy,2
foot,2
closer,2
formas,3
sustain,2
permanent,8
Supply,2
inevitablely,2
overly,2
interim,2
pdqnet,1
aircard,1
Montana,1
refer,1
Whitt,5
frequently,1
midmarketers,1
LaGrasta,1
marketers,1
liane_kucher,2
mcgrawhillcom,2
AnneBike,3
Basdeload,3
Attachment,3
viruses,3
Scan,3
Mail,3
KucherWashMagnews,1
Magnews,1
Calc,1
Has,5
Explain,1
transferring,1
Stop,1
Missed,9
deposits,3
missing,2
pressing,1
explaining,1
writeup,1
takeout,1
LTC,2
proposed,1
MultiFamily,1
Townhomes,1
Developers,1
Officer,1
rose,1
decreased,1
responses,1
Oh,1
ccalger,1
OhPDXECT,1
PerryPDXECT,1
FullerPDXECT,1
MalowneyHOUECT,1
Stewart,1
RosmanHOUECT,1
ShieldsPDXECT,1
Recession,1
Scenario,1
CERA,4
recession,2
Feel,2
prerecorded,1
Ca,1
alleviate,1
Passcode,1
principal,2
masonry,2
sufficient,3
JL,2
Rather,2
lump,2
sum,2
amenities,2
amenity,2
deleted,2
absorbed,2
obtained,2
Weekly,2
cold,1
jsmith,4
austintxcom,4
leander,1
AMF,5
limit,1
restrictions,1
explained,1
OK,2
An,1
overnighted,1
McCoy,1
gone,1
Fri,1
messages,1
Bee,2
Cave,2
Road,2
mobile,2
FosterHOUECT,7
Christian,5
YoderHOUECT,5
LeffHOUEES,5
BenevidesHOUEES,5
BlackHOUEES,5
TilneyHOUEES,2
SavageHOUEES,6
KingerskiNAEnron,5
Jubran,5
WhalanHOUEES,5
NeslageENRON_DEVELOPMENT,2
CorballyCorpEnron,5
WalshHOUECT,2
RobertsonNAEnron,5
Marcia,2
LintonNAEnron,2
SchoenNAEnron,2
mday,3
gmssrcom,4
Marty,5
SundeHOUEES,5
HainHOUECT,4
TriboletCorpEnron,6
Neil,9
BresnanHOUEES,5
BradleyCorpEnron,2
WilliamsENRON_DEVELOPMENT,7
JohnstonHOUECT,2
NeustaedterENRON_DEVELOPMENT,1
McCubbinNAEnron,6
StonessHOUEES,5
CormanEnron,2
HallPDXECT,2
BriggsNAEnron,2
Vance,2
MeyerNAEnron,2
Vicki,5
SharpHOUEES,5
Wendy,1
ConwellNAEnron,1
BradfordHOUECT,5
PiazzeNAEnron,1
Moved,1
Updates,1
fit,1
forecasts,2
suggestions,1
processes,1
handoffs,1
ERMS,2
TAGG,2
Unify,2
grey,1
audit,7
deals,1
Under,4
messed,1
scrutiny,1
books,1
accurately,1
accounting,2
imbalances,1
transactions,3
Lead,1
program,1
Recruit,1
oversee,2
rotations,2
courses,1
cuts,1
Fundamentals,1
Liason,1
Putting,1
mentality,1
MD,1
Sarah,5
Novosel,1
pkaufma,1
reflect,2
red,1
spinning,3
bikes,2
placing,1
video,2
TV,1
jump,1
clearing,4
owes,8
Tomas,3
reaction,3
Jaques,2
definitions,1
superintendent,3
junior,1
layer,2
incidental,1
majority,1
supers,1
supervisors,1
definitely,5
insert,1
superintendents,1
gave,1
GP,3
inquiries,1
Nice,2
gotten,2
grief,1
nice,3
absences,1
sabbaticals,1
draws,1
Inventory,1
leases,1
SPB,4
shorter,2
providing,2
according,4
putting,4
LODonnell,2
spbankcom,4
backup,2
lodonnell,2
Copy,4
Apptif,2
Multifamily,2
commentary,1
press,2
Lawner,1
Talking,1
stab,1
disagreements,1
additions,1
returns,1
wk,2
Mailing,1
Forward,1
Reg,1
Dickson,1
overqualified,1
expensive,1
Cournie,1
Parker,1
evaluate,1
adds,2
lies,1
msn,1
Neustaedter,1
SandherrCorpEnron,1
JKLAUBER,1
LLGMCOM,1
CarsonCorpEnron,1
Analysis,2
bulletpoint,1
Special,1
titled,1
Beyond,1
Crisis,1
Solutions,1
LessonsIf,1
toys,1
Justin,1
likes,2
ranger,1
Kelsey,1
art,1
Books,1
spending,1
Christmas,1
sister,1
Years,1
happenings,1
extrinsic,2
SJPerm,1
Sj,1
PGETop,2
KRS,1
SJ,1
Valero,1
AEC,4
Volumes,3
OPAL,3
MST,2
NYMEX,1
producers,1
dated,2
Kern,2
River,1
Harrison,4
WardHOUECT,2
researched,1
huge,2
dependent,1
envision,1
subscriptions,1
subscribed,1
pipe,3
Bcfd,1
valuable,2
sensitivities,1
dispatch,1
overages,1
emphasize,1
warming,1
Next,1
inventory,1
air,4
conditioners,1
refrigerators,1
serial,1
prospective,3
Dr,1
renovated,1
specify,2
remodeled,1
plenty,1
recorded,1
chat,1
Tried,1
doctor,4
Nov,1
seguin,1
repaid,2
favoring,1
defining,1
constitutes,1
mechanism,1
bookkeeping,1
requred,1
tweaking,1
Moreno,1
swich,1
biweekly,1
Gilbert,1
Mara,5
SchwarzHOUEES,3
Beverly,3
AdenHOUEES,3
VotawHOUEES,3
BarredaHOUEES,3
MoffettHOUEES,3
CorbinHOUEES,3
LiscanoHOUEES,3
SutterHOUEES,3
Debora,3
WhiteheadHOUEES,3
Dorothy,3
YoungbloodHOUECT,3
HuthHOUEES,3
SacksCorpEnron,3
MelvinHOUEES,3
Evan,3
HughesHOUEES,6
DeltoroHOUEES,3
Gayle,3
MuenchHOUEES,3
Ginger,3
DernehlNAEnron,3
Harold,3
BuchananHOUEES,3
WaserHOUEES,3
WrightWestern,4
RegionThe,8
Bentley,8
MessinaHOUEES,3
BlachmanHOUEES,3
DenneCorpEnron,3
BassHOUEES,3
DodgenHOUEES,3
GustafsonHOUEES,3
Leasa,3
LopezHOUEES,3
BotelloHOUEES,3
MullerHOUEES,3
SuggsHOUEES,3
EgglestonHOUEES,3
MannHOUEES,3
CisnerosHOUECT,3
mpalmer,3
HongHOUEES,3
WarrenHOUEES,3
ZdunkewiczHOUEES,3
LeibertHOUEES,3
Rosalinda,3
TijerinaHOUEES,3
NovoselCorpEnron,3
GahnHOUEES,3
DickHOUEES,3
skean,3
Tanya,3
LeslieHOUEES,3
Tasha,3
LairHOUEES,3
GreenleeNAEnron,3
SpruiellHOUEES,3
Wanda,3
CurryHOUEES,3
triley,3
dwatkiss,3
bracepattcom,6
rcarroll,3
gfergus,3
brobeckcom,3
Bruno,3
GaillardEUEnron,3
Ren,3
LazureWestern,3
jklauber,3
llgmcom,3
JohnsonHOUEES,3
Dirk,1
vanUldenWestern,1
WalkerSFOEES,1
Governor,1
Results,1
RFP,1
ONLY,1
billing,1
WIth,1
remainder,1
wwwgovernorcagovstategovsitegov_htmldisplayjsp,1
BV_SessionID,1
sCatTitlePre,1
ssRelease,1
ontractshtml,1
sTitleGOVERNORDAVISANNOUNCESLONGTERMPOWERSUPPLY,1
LaCrecia,1
DavenportCorpEnron,1
Bharat,1
KhannaNAEnron,1
Smeltering,1
articles,1
relating,1
Thought,1
PittEUEnron,2
Rohan,1
Ziegelaar,1
FlemingLONECT,1
Andreas,1
BarschkisEUEnron,1
individually,1
carry,2
Braunfels,2
refinance,2
lien,2
notes,1
commit,5
Exposure,1
fluctuations,1
amortized,1
bending,1
backwards,1
Guaranteeing,1
pushing,1
effective,2
receipted,1
feasibility,1
Raised,1
Beck,1
spend,1
IT,2
admin,5
PipeGas,3
option,5
midnight,1
nights,1
bc,1
numerous,1
models,1
Etter,1
resolved,2
lose,1
Errol,2
McLaughlinCorpEnron,2
calc,2
rotate,2
persons,3
sustainable,2
fits,2
deleting,2
Switched,2
Occasionally,2
maintained,2
quickly,2
ends,2
wages,2
equate,2
reputation,2
turnover,2
increasing,3
houseful,2
son,2
daughter,2
teenager,2
errand,2
upset,2
DJ,11
Pays,4
Avoid,4
Rolling,4
Blackouts,4
Sources,4
PUC,11
Inspect,4
Offline,4
Duke,8
Bay,5
Pwr,4
Plant,6
Regula,3
tors,3
Visit,4
AES,15
Dynegy,11
OffLine,4
Plants,4
Carla,2
Hoffman,2
PlatterHOUECT,1
GuzmanPDXECT,1
LandePDXECT,1
HoffmanPDXECT,1
Pergher,2
Gunther,1
GuntherPergher,1
dowjonescom,4
undisclosedrecipients,1
originally,3
published,3
LOS,3
ANGELES,3
Dow,14
Independent,3
Operator,3
Powerex,3
faced,1
deficit,1
threatened,1
highranking,1
familiar,1
Newswires,7
fell,2
ordering,1
consecutive,2
subsidiary,1
British,1
XBCH,1
abundant,1
spare,2
megawatthour,2
juice,1
governed,1
instate,1
vocal,1
municipal,2
reaped,1
named,1
defendant,1
lawsuit,1
alleging,1
gouging,1
federal,2
hydropower,1
cheap,1
officials,2
proprietary,1
declare,1
whose,1
flowing,1
stagetwo,1
compete,1
investorowned,1
warned,1
regulators,1
generators,3
stagethree,1
declared,1
interrupted,1
statewide,1
collapsing,1
spokesman,9
Dorinson,4
attracting,1
dire,1
International,3
EIX,1
SRE,1
PCG,1
highpriced,1
grow,1
absorb,1
By,3
Leopold,1
jasonleopold,1
END,3
c,3
Representatives,2
inspected,3
DUK,1
Chula,1
Calif,1
inspecting,1
verify,2
unplanned,4
manages,2
previously,2
Federal,1
Regulatory,1
meaning,2
implemented,1
collapse,1
DYN,3
Reliant,2
REI,2
SOE,2
Moss,1
Landing,1
representatives,4
repairs,4
Berthold,3
jessicaberthold,2
DJ,1
Regulators,1
DOW,1
JONES,1
NEWSWIRES,1
legitimate,1
onsite,1
inspections,1
outages,1
shutdowns,1
visited,3
organizations,1
visitors,1
unannounced,1
Huntington,3
Beach,3
station,2
Aaron,1
Down,1
Expired,1
Emissions,1
Credits,1
nitrogen,1
oxide,1
NOx,1
emission,2
credits,2
Coast,1
Air,1
Quality,1
District,1
emissions,1
deployed,1
output,1
Alamitos,1
Redondo,1
refused,1
district,3
polluting,1
sued,1
trumps,1
emergencies,1
Segundo,2
Visited,1
Gee,1
sorry,1
Lednicky,5
boiler,1
feedwater,1
pumps,1
pose,1
safety,1
hazard,1
repaired,1
specialized,1
expedited,1
seemed,1
explanation,1
G_nther,1
A,1
Senior,1
Tel,1
retransmission,1
reliance,1
sender,1
assess,2
finer,1
auditors,1
unfortunately,1
promising,1
shifted,1
slightly,1
leaning,1
wings,2
covered,2
courtyard,3
wing,2
livingdining,1
kid,1
guestroom,1
officeexercise,1
pool,1
outdoor,1
orient,1
faces,1
metal,2
fiberglass,1
skylights,1
supported,1
posts,3
envisioning,1
slope,1
roofs,1
Feb,2
Channel,1
ran,1
Kingwood,1
poisonous,1
strain,1
mold,1
walls,3
makes,1
breathable,1
car,1
Ca,1
Sell,1
pagenetmessagenet,1
Operating,2
returning,1
Another,1
hire,1
male,1
readies,1
lawn,1
surely,1
Considering,1
necessarily,1
overstated,3
ultra,1
conservative,2
lowest,1
Getting,1
requires,1
justify,1
Lien,4
Transfer,1
reconsider,1
YangSFOEES,2
Highlights,7
KPMG,4
CPUC,8
Audit,2
Douglass,2
ArterHaddencom,1
Barbara_Klemstine,1
apsccom,1
berry,1
apxcom,2
dcazalet,1
billr,1
calpinecom,7
jackp,2
glwaas,1
calpxcom,2
Ken_Czarnecki,1
gavaughn,1
dukeenergycom,6
rjhickok,2
gtbl,2
dynegycom,4
jmpa,1
jdasovic,1
susan_j_mara,1
Tamara_Johnson,1
curtHatton,1
genpgecom,5
foothill,1
lminet,1
camiessn,1
newwestenergycom,4
jcgardin,1
jsmollon,1
rsnichol,1
Curtis_L_Kebler,1
reliantenergycom,4
rllamkin,2
seiworldwidecom,2
highlights,1
SCE,22
depletion,3
instituted,1
suspension,1
certain,2
measures,1
extends,1
Credit,2
Relationships,1
exercised,1
renew,1
clauses,1
respect,1
default,1
Generally,1
becoming,1
payable,1
indebtedness,3
statutory,1
ratings,3
agencies,1
downgraded,1
rated,1
grade,1
III,1
Scenarios,1
section,1
supplied,1
scenarios,2
projected,1
positive,2
IV,1
Containment,1
Initiatives,1
adopted,1
Plan,5
consists,1
component,2
millions,1
Costs,3
parttime,1
eliminated,1
totaling,1
dividends,4
stockholders,1
bonuses,1
suspended,1
V,1
Accounting,1
Mechanisms,1
Stranded,1
Recovery,1
TRA,5
TCBA,5
overcollected,1
Transition,2
Balancing,1
Account,3
accelerated,1
revenues,4
undercollected,1
Normally,1
memorandum,2
credited,2
pursuant,1
separately,2
procuring,2
TURN,3
Proposal,3
aspects,1
transition,1
initially,1
recognizes,1
generating,1
undercollection,1
VI,1
Flow,1
generated,1
shareholders,1
repurchased,1
Section,1
VII,1
VIII,1
Earnings,1
Affiliates,1
affiliates,1
annually,1
remained,1
stable,1
correlates,1
wwwcpuccagov,2
Write,1
wknow,1
fastAll,1
HAVE,1
DO,1
IN,1
Four,1
adults,1
______________________________________________________________________________,1
_______,1
FREE,1
explorermsncom,1
andy,1
brown,1
andybrwn,3
earthlinknet,3
abb,2
carol,1
iepacom,4
Bill,4
Carlson,1
william_carlson,1
wastemanagementcom,1
Woods,1
billw,1
Bob,4
Ellery,1
bellery,1
spiindcom,1
Escalante,1
rescalante,1
riobravogmcom,3
Gates,1
bobgates,1
Carolyn,1
Baker,1
cabaker,1
Cody,1
Carter,1
codycarter,1
williamscom,3
Curt,1
Hatton,1
CurtHatton,1
Curtis,1
Kebler,1
curtis_l_kebler,1
David,1
Parquet,1
davidparquet,1
Dean,1
Gosselin,1
dean_gosselin,1
fplcom,4
Doug,1
Fernley,1
fernleydoug,1
epenergycom,6
Douglas,1
Kerner,1
dkk,1
eslawfirmcom,2
Duane,1
Nelsen,1
dnelsen,1
gwfpowercom,1
Ed,2
Tomeo,1
edtomeo,1
uaecorpcom,2
Eileen,1
Koch,1
eileenk,1
Eric,2
Eisenman,1
ericeisenman,1
Frank,1
DeRosa,1
frankderosa,1
Greg,1
Blue,1
Hap,1
Boyd,1
Hap_Boyd,1
Hawks,1
jackhawks,1
Jack,1
Pigott,1
Jim,1
Willey,1
elliottsa,1
Joe,2
Greco,1
jgreco,1
caithnessenergycom,4
Ronan,1
joer,1
John,2
Stout,1
john_h_stout,1
Jonathan,1
Weisgall,1
jweisgall,1
Kate,1
Castillo,1
CCastillo,1
kellyl,1
enxcocom,1
Ken,2
khoffman,1
Kent,2
Fickett,1
kfickett,1
usgencom,1
Palmerton,1
kentpalmerton,1
Lynn,1
lale,1
Marty,1
McFadden,1
marty_mcfadden,1
ogdenenergycom,7
Paula,1
Soos,1
paula_soos,1
Randy,1
Hickok,1
Rob,1
Lamkin,1
Roger,1
Pelote,1
rogerpelote,1
Ross,2
Ain,2
Stephanie,1
Newell,1
stephanienewell,1
Steve,2
Iliff,1
siliff,1
Ponder,1
steve_ponder,1
Susan,1
smara,1
Tony,1
Wetzel,1
twetzel,1
thermoecotekcom,2
William,1
Alex,1
Sugaoka,1
alexsugaoka,1
Allen,1
Jensen,1
aljensen,1
nrgenergycom,1
Andy,1
Gilford,1
agilford,1
wbcounselcom,1
Armen,1
Arslanian,1
ArmenArslanian,1
gecapitalcom,1
Bert,1
rjhunter,1
spectrumcapitalcom,1
Adams,1
sangorgon,1
Barnes,1
billbarnes,1
lgeenergycom,1
Bo,1
Buchynsky,1
BBuchynsky,1
Tormey,1
rjtormey,1
Charles,2
Johnson,1
cjohnson,1
ejgdcom,1
Linthicum,1
charleslinthicum,1
powersrccom,2
Diane,1
Fellman,1
difellman,1
energylawgroupcom,1
Don,1
Scholl,1
dscholl,1
purenergyllccom,1
Maddox,1
emaddox,1
seawestwindpowercom,1
Edward,1
Lozowicki,1
elozowicki,1
sjocoudertcom,1
Edwin,1
Feo,1
efeo,1
milbankcom,1
Edstrom,1
edstrome,1
Floyd,1
Gent,1
fgent,1
Hal,1
Dittmer,1
hedsf,1
ORourke,1
orourkejohn,1
Kawamoto,1
wkawamoto,1
wmcom,1
Salvagno,1
kbssac,1
Burton,1
kent_burton,1
Larry,1
Kellerman,1
kellermanlarry,1
Levitt,1
sdl,1
calwindcom,2
Lucian,1
Fox,1
lucian_fox,1
Mark,1
J,1
mark_J_smith,1
Milton,1
Schultz,1
bfpjv,1
czonenet,1
Nam,1
Nguyen,1
namnguyen,1
Paul,1
paul_wood,1
Pete,1
Levitt,1
Pete,1
Phil,1
Reese,1
rcsc,1
westnet,1
Robert,1
Frees,1
freesrj,1
apcicom,2
ain,1
worldnetattnet,1
Scott,1
Harlan,1
harlans,1
Tandy,1
McMannes,1
mcmannes,1
Ted,1
Cortopassi,1
ted_cortopassi,1
Thomas,2
Heller,1
hellertj,1
Swank,1
swankthomas,1
Tom,1
Hartman,1
tom_hartman,1
Ward,1
Scobee,1
wscobee,1
Brian,1
T,1
Craggq,1
bcragg,1
Feldman,1
jfeldman,1
mofocom,1
Kassandra,1
Gough,1
kgough,1
Kristy,1
Rumbaugh,1
kristy_rumbaugh,1
Jan,1
SmutnyJones,1
smutny,1
Katie,1
Kaplan,1
kaplan,1
steven,1
came,1
proceeding,1
ABB,1
Parties,1
Ruling,1
Sacramento,1
Stock,1
Options,1
Shares,1
Vest,1
Leander,1
breakeven,1
liens,1
Checkout,1
fifteen,1
trips,1
familar,1
correctly,1
prefer,1
math,1
recouped,1
brainstorming,1
Builder,1
benefit,1
suffers,1
holder,1
favorable,1
MF,1
Keiths,1
accomodate,1
sooner,1
underway,1
helped,1
indexes,1
Foster,1
QF,3
QFs,11
Legislative,2
non,2
fired,2
iminent,1
ways,1
reverting,1
thereafter,1
hedgers,1
abreast,1
IEP,4
tonight,1
NonGasfired,1
Negotiations,1
essentially,1
docs,1
refund,1
switched,2
PX,2
changing,1
SRAC,1
Force,1
Majeure,1
assurances,1
defaulted,1
gasfired,1
Heat,1
purchases,1
negotiating,1
Elcantar,1
Bloom,1
slowly,1
Batten,1
Keeley,2
refereeing,1
QFsAssembly,1
meld,1
Hertzberg,1
dead,1
gaps,1
interviewer,1
Marc,1
La,1
RocheHOUECT,1
WalkerNAEnron,1
BestNAEnron,1
LawyerNAEnron,1
Lynette,1
LeBlancHoustonEott,1
MyersHOUECT,1
RaymondHOUECT,1
Kayne,1
CoulterHOUECT,1
AbelHOUECT,1
VenturatosHOUECT,1
Ben,1
JacobyHOUECT,1
McConnellHOUECT,1
Interviews,1
Needed,1
Associate,1
Programs,1
anticipate,1
fulltime,1
felt,1
OffCycle,1
Recruiting,1
inviting,1
interviewed,1
interviewers,2
Managers,1
buttons,1
cooperation,1
promotion,2
recruit,1
mentor,1
coordinated,1
Give,1
WorkLife,1
Kidventure,2
Announcements,1
Camp,1
Instead,1
middle,1
