word,Frequency
ect,1091.0
enron,820.0
phillip,647.0
k,339.0
pm,290.0
subject,241.0
would,229.0
forwarded,226.0
cc,225.0
enronxgate,218.0
ees,202.0
please,189.0
gas,158.0
need,136.0
project,110.0
get,108.0
allen,106.0
call,105.0
meeting,102.0
power,98.0
cost,94.0
loan,91.0
work,89.0
know,88.0
time,87.0
like,85.0
also,85.0
john,84.0
price,84.0
new,83.0
email,78.0
jeff,73.0
george,70.0
scott,67.0
mike,66.0
list,66.0
let,65.0
think,65.0
plan,65.0
sent,64.0
j,64.0
construction,64.0
keith,63.0
may,63.0
use,63.0
week,63.0
1,61.0
mark,61.0
one,60.0
land,60.0
market,60.0
costs,59.0
position,59.0
want,59.0
http,59.0
cash,58.0
questions,57.0
access,57.0
see,56.0
thanks,56.0
deal,55.0
back,54.0
basis,54.0
richard,53.0
l,53.0
yes,53.0
west,53.0
san,52.0
units,51.0
hunter,51.0
thank,50.0
manager,50.0
desk,50.0
could,50.0
still,50.0
3,49.0
total,49.0
communications,49.0
larry,48.0
make,48.0
outlook,48.0
attached,48.0
going,47.0
2,47.0
daily,46.0
information,46.0
lot,46.0
two,46.0
lucy,45.0
w,45.0
california,45.0
good,45.0
tim,45.0
property,44.0
steve,44.0
book,44.0
pallen,44.0
go,43.0
date,43.0
paid,43.0
rent,43.0
year,43.0
2000,43.0
today,42.0
frank,42.0
request,42.0
last,41.0
company,41.0
physical,41.0
forward,41.0
socal,41.0
take,40.0
loans,40.0
robert,40.0
site,39.0
office,39.0
help,39.0
james,38.0
trading,38.0
c,37.0
following,37.0
first,37.0
try,37.0
per,37.0
michael,37.0
current,36.0
day,36.0
million,36.0
note,36.0
team,36.0
send,36.0
migration,35.0
regarding,35.0
value,35.0
issues,35.0
might,35.0
5,35.0
data,35.0
click,34.0
name,34.0
number,34.0
anyone,34.0
said,34.0
since,33.0
fax,33.0
austin,33.0
using,33.0
next,33.0
friday,33.0
positions,33.0
id,33.0
unit,33.0
due,33.0
builders,32.0
alan,32.0
equity,32.0
us,32.0
iso,32.0
monday,32.0
give,31.0
chris,31.0
contract,31.0
line,31.0
energy,31.0
david,31.0
pay,31.0
type,31.0
jim,31.0
additional,31.0
susan,31.0
cbpres,31.0
amount,30.0
order,30.0
profit,30.0
able,30.0
set,30.0
sure,30.0
p,30.0
look,30.0
different,30.0
wednesday,30.0
front,30.0
paul,29.0
much,29.0
contact,29.0
receive,29.0
report,29.0
based,29.0
months,29.0
file,29.0
4,29.0
received,29.0
design,29.0
address,29.0
richards,29.0
free,28.0
find,28.0
believe,28.0
review,28.0
jeffrey,28.0
mary,28.0
specialist,28.0
partnership,27.0
provide,27.0
complete,27.0
description,27.0
discuss,27.0
b,27.0
update,27.0
trades,27.0
response,27.0
bid,27.0
less,26.0
morning,26.0
2001,26.0
however,26.0
investment,26.0
fees,26.0
deals,26.0
h,26.0
tomorrow,26.0
10,26.0
instructions,26.0
available,26.0
show,26.0
owa,26.0
way,26.0
buyer,26.0
risk,26.0
points,25.0
smith,25.0
prior,25.0
thursday,25.0
ferc,25.0
used,25.0
needs,25.0
respond,25.0
around,25.0
utilities,25.0
prices,25.0
notes,25.0
else,25.0
plans,25.0
start,25.0
gary,24.0
business,24.0
improvement,24.0
offer,24.0
many,24.0
creekside,24.0
closing,24.0
left,24.0
program,24.0
sr,24.0
looks,24.0
full,24.0
ina,24.0
even,24.0
long,24.0
high,24.0
user,23.0
index,23.0
east,23.0
e,23.0
track,23.0
joe,23.0
message,23.0
kevin,23.0
interest,23.0
probably,23.0
management,23.0
allan,22.0
house,22.0
mgusa,22.0
north,22.0
schedule,22.0
rentroll,22.0
room,22.0
come,22.0
general,22.0
end,22.0
lewter,22.0
matt,22.0
meetings,22.0
state,22.0
real,22.0
monthly,22.0
impact,22.0
point,22.0
mw,22.0
spreadsheet,22.0
internet,22.0
development,22.0
transport,22.0
demand,21.0
weekend,21.0
soon,21.0
actual,21.0
home,21.0
deposit,21.0
missed,21.0
part,21.0
center,21.0
included,21.0
copy,21.0
numbers,21.0
financing,21.0
check,21.0
three,21.0
city,21.0
brenda,20.0
terms,20.0
phone,20.0
later,20.0
greg,20.0
juan,20.0
bank,20.0
another,20.0
higher,20.0
expenses,20.0
traders,20.0
done,20.0
marcos,20.0
change,20.0
form,20.0
direct,20.0
load,20.0
place,20.0
reagan,20.0
ability,20.0
estimates,19.0
prepared,19.0
month,19.0
roof,19.0
6,19.0
survey,19.0
possible,19.0
projects,19.0
fee,19.0
better,19.0
march,19.0
credit,19.0
via,18.0
enough,18.0
colleen,18.0
right,18.0
feel,18.0
detailed,18.0
currently,18.0
f,18.0
western,18.0
password,18.0
getting,18.0
without,18.0
plus,18.0
across,18.0
mailbox,18.0
generation,18.0
wade,18.0
calendar,18.0
tuesday,18.0
either,18.0
fixed,18.0
ca,18.0
karen,18.0
sales,18.0
r,18.0
issue,18.0
years,18.0
meet,18.0
russ,18.0
image,18.0
near,17.0
side,17.0
thomas,17.0
initial,17.0
concerns,17.0
jacques,17.0
grid,17.0
llc,17.0
computer,17.0
presentation,17.0
westgate,17.0
selling,17.0
options,17.0
asked,17.0
items,17.0
services,17.0
exchange,17.0
group,17.0
open,17.0
talk,17.0
future,17.0
reports,17.0
billion,17.0
bring,17.0
put,17.0
mail,17.0
second,17.0
rate,17.0
jones,17.0
storage,17.0
require,17.0
requirements,16.0
agreement,16.0
wants,16.0
christopher,16.0
eric,16.0
comments,16.0
september,16.0
plants,16.0
12,16.0
afternoon,16.0
things,16.0
table,16.0
area,16.0
rental,16.0
required,16.0
15,16.0
accepted,16.0
answer,16.0
best,16.0
keep,16.0
requested,16.0
summary,16.0
sell,16.0
tds,16.0
central,16.0
engineer,16.0
40,16.0
starting,16.0
product,16.0
approved,16.0
29,16.0
well,16.0
approval,16.0
updated,15.0
julie,15.0
commission,15.0
planning,15.0
funds,15.0
days,15.0
appraisal,15.0
original,15.0
support,15.0
question,15.0
working,15.0
proforma,15.0
pg,15.0
aes,15.0
dow,15.0
william,15.0
america,15.0
25,15.0
view,15.0
evening,15.0
account,15.0
contracts,15.0
web,15.0
shively,15.0
building,15.0
least,14.0
sagewood,14.0
natural,14.0
lisa,14.0
august,14.0
craig,14.0
opportunity,14.0
every,14.0
trade,14.0
8,14.0
consolidated,14.0
lee,14.0
hours,14.0
drive,14.0
jay,14.0
quotes,14.0
spread,14.0
yet,14.0
needed,14.0
financial,14.0
sources,14.0
estimated,14.0
kathy,14.0
april,14.0
ready,14.0
stage,14.0
distribution,14.0
follows,14.0
create,14.0
payment,14.0
responsible,14.0
buyout,14.0
garage,14.0
houston,14.0
completed,14.0
far,14.0
people,14.0
fine,14.0
cindy,14.0
dexter,14.0
improvements,14.0
include,14.0
willing,14.0
necessary,14.0
release,13.0
directly,13.0
location,13.0
claudia,13.0
got,13.0
something,13.0
spoke,13.0
single,13.0
input,13.0
fletcher,13.0
experience,13.0
rates,13.0
investor,13.0
region,13.0
7,13.0
bill,13.0
firm,13.0
scheduled,13.0
dates,13.0
several,13.0
add,13.0
andrew,13.0
client,13.0
kipp,13.0
mentioned,13.0
trying,13.0
conference,13.0
seems,13.0
calif,13.0
read,13.0
system,13.0
reach,13.0
close,13.0
christi,13.0
yesterday,13.0
architect,13.0
run,13.0
lower,13.0
eol,13.0
column,13.0
sce,13.0
capacity,13.0
application,12.0
trader,12.0
configured,12.0
tenants,12.0
cover,12.0
increase,12.0
27,12.0
looking,12.0
south,12.0
sandra,12.0
floor,12.0
brian,12.0
realize,12.0
already,12.0
porch,12.0
made,12.0
past,12.0
major,12.0
permission,12.0
executive,12.0
updating,12.0
details,12.0
wholesale,12.0
shared,12.0
return,12.0
x,12.0
materials,12.0
holst,12.0
bond,12.0
janet,12.0
edison,12.0
republicans,12.0
operating,12.0
period,12.0
large,12.0
likely,12.0
shown,12.0
process,12.0
ken,12.0
kimberly,12.0
february,12.0
cb,12.0
fill,12.0
hard,12.0
status,12.0
small,12.0
jane,12.0
tori,12.0
addition,12.0
model,12.0
plant,12.0
ray,12.0
ahead,12.0
street,12.0
tx,12.0
caps,12.0
screen,12.0
lots,12.0
reviewed,12.0
case,11.0
beginning,11.0
mean,11.0
buyers,11.0
hopefully,11.0
sign,11.0
play,11.0
maintenance,11.0
burchfield,11.0
puc,11.0
forecast,11.0
updates,11.0
job,11.0
communication,11.0
scope,11.0
flow,11.0
listed,11.0
thought,11.0
leave,11.0
stephanie,11.0
equipment,11.0
finally,11.0
overall,11.0
dj,11.0
brad,11.0
really,11.0
matthew,11.0
space,11.0
study,11.0
strong,11.0
payments,11.0
feedback,11.0
hope,11.0
curve,11.0
structure,11.0
weeks,11.0
short,11.0
expect,11.0
estimate,11.0
discussed,11.0
elizabeth,11.0
cicchetti,11.0
transportation,11.0
simply,11.0
significantly,11.0
personal,11.0
natalie,11.0
existing,11.0
proposal,11.0
money,11.0
shockmachine,11.0
assessment,11.0
attractive,11.0
utility,11.0
exterior,11.0
spec,11.0
director,11.0
final,11.0
dynegy,11.0
little,11.0
problems,11.0
qfs,11.0
held,11.0
growth,11.0
sold,11.0
exact,11.0
must,11.0
follow,11.0
cell,11.0
cap,11.0
resource,11.0
limited,10.0
consider,10.0
edward,10.0
third,10.0
double,10.0
jessica,10.0
policy,10.0
visit,10.0
delivery,10.0
expert,10.0
chairperson,10.0
pipeline,10.0
resume,10.0
range,10.0
rolling,10.0
debt,10.0
sound,10.0
attorney,10.0
draft,10.0
documents,10.0
night,10.0
statement,10.0
g,10.0
pira,10.0
none,10.0
713,10.0
asset,10.0
purchase,10.0
ipaq,10.0
approximately,10.0
steven,10.0
michelle,10.0
mailto,10.0
july,10.0
blackouts,10.0
june,10.0
december,10.0
parking,10.0
activity,10.0
95,10.0
reserves,10.0
tracy,10.0
wanted,10.0
corner,10.0
determine,10.0
moving,10.0
strategy,10.0
changes,10.0
desks,10.0
instead,10.0
grigsby,10.0
bruce,10.0
wscc,10.0
18,10.0
seattle,10.0
sincerely,10.0
within,10.0
groups,10.0
according,10.0
buy,10.0
kim,10.0
priority,10.0
orders,10.0
hit,10.0
term,10.0
customers,10.0
save,10.0
75,10.0
requirement,10.0
level,10.0
randy,10.0
sale,10.0
ted,10.0
balance,10.0
reporting,10.0
box,10.0
reduction,10.0
behind,10.0
net,10.0
changed,10.0
kathryn,9.0
others,9.0
stone,9.0
llewter,9.0
sw,9.0
tara,9.0
document,9.0
1st,9.0
laura,9.0
ena,9.0
given,9.0
rather,9.0
fair,9.0
clear,9.0
requests,9.0
andrea,9.0
worth,9.0
efforts,9.0
desktop,9.0
chance,9.0
upon,9.0
revised,9.0
labor,9.0
jess,9.0
31,9.0
interested,9.0
individual,9.0
bidweek,9.0
wish,9.0
occurs,9.0
exodus,9.0
water,9.0
applications,9.0
spent,9.0
mwa,9.0
dan,9.0
9,9.0
turn,9.0
neil,9.0
participant,9.0
audit,9.0
subs,9.0
flores,9.0
entire,9.0
repeats,9.0
28,9.0
dale,9.0
electricity,9.0
vs,9.0
difficult,9.0
companies,9.0
told,9.0
tell,9.0
joseph,9.0
cary,9.0
donald,9.0
profits,9.0
theresa,9.0
kelly,9.0
erika,9.0
severe,9.0
partner,9.0
avoid,9.0
january,9.0
barry,9.0
quality,9.0
drop,9.0
taking,9.0
supply,9.0
roll,9.0
link,9.0
spokesman,9.0
tom,9.0
simple,9.0
buckley,9.0
selection,8.0
permanent,8.0
receipt,8.0
town,8.0
hear,8.0
kingsgate,8.0
remember,8.0
var,8.0
always,8.0
material,8.0
bentley,8.0
resources,8.0
facilities,8.0
meredith,8.0
detail,8.0
person,8.0
duke,8.0
obtain,8.0
centers,8.0
suzanne,8.0
janie,8.0
cpuc,8.0
tour,8.0
comnes,8.0
laird,8.0
saturday,8.0
quite,8.0
mind,8.0
kean,8.0
trim,8.0
game,8.0
systems,8.0
insurance,8.0
overhead,8.0
style,8.0
entity,8.0
basin,8.0
books,8.0
valuation,8.0
truly,8.0
course,8.0
linda,8.0
donna,8.0
excel,8.0
guess,8.0
research,8.0
fall,8.0
includes,8.0
dimensions,8.0
finish,8.0
purchasing,8.0
analysts,8.0
bridge,8.0
seem,8.0
accept,8.0
owes,8.0
gable,8.0
guest,8.0
jennifer,8.0
weekly,8.0
slides,8.0
newswires,8.0
jason,8.0
rangel,8.0
johnnie,8.0
etc,8.0
beth,8.0
tamara,8.0
top,8.0
andy,8.0
allow,8.0
assuming,8.0
monique,8.0
gabriel,8.0
preferred,8.0
normal,8.0
13,8.0
swaps,8.0
login,8.0
focus,8.0
couple,8.0
highlights,8.0
although,8.0
columns,8.0
local,8.0
painewebber,8.0
pass,8.0
professional,8.0
whether,8.0
stagecoachmama,8.0
alternative,8.0
14,8.0
gordon,8.0
soils,8.0
package,8.0
leticia,8.0
engineering,8.0
understand,8.0
el,8.0
extension,8.0
means,8.0
agreements,8.0
page,8.0
maybe,8.0
discussions,8.0
round,8.0
never,8.0
crocker,8.0
especially,8.0
calculation,8.0
bishops,8.0
president,8.0
submitted,8.0
potentially,8.0
trip,8.0
produce,8.0
additionally,8.0
hugo,8.0
lease,8.0
outstanding,8.0
builder,8.0
estate,8.0
26,7.0
event,7.0
latest,7.0
invited,7.0
x37041,7.0
legislature,7.0
stop,7.0
happy,7.0
involved,7.0
appears,7.0
expenditures,7.0
malin,7.0
improve,7.0
reported,7.0
rebecca,7.0
title,7.0
language,7.0
sorry,7.0
otherwise,7.0
choose,7.0
rest,7.0
contacts,7.0
sitara,7.0
choice,7.0
whatever,7.0
jana,7.0
bob,7.0
employees,7.0
caiso,7.0
30,7.0
potential,7.0
together,7.0
kay,7.0
conservation,7.0
equal,7.0
regulatory,7.0
70,7.0
service,7.0
seen,7.0
goal,7.0
appraised,7.0
n,7.0
delayed,7.0
50,7.0
expected,7.0
successful,7.0
charles,7.0
speak,7.0
info,7.0
kristin,7.0
fyi,7.0
upstairs,7.0
injection,7.0
idea,7.0
base,7.0
jesse,7.0
key,7.0
appropriate,7.0
attachment,7.0
antonio,7.0
story,7.0
took,7.0
homes,7.0
emergency,7.0
jeanne,7.0
reasonable,7.0
nothing,7.0
ok,7.0
portion,7.0
pond,7.0
megawatts,7.0
video,7.0
proceed,7.0
analyst,7.0
therefore,7.0
senate,7.0
influence,7.0
online,7.0
metal,7.0
throughout,7.0
stairs,7.0
felicia,7.0
reasons,7.0
download,7.0
cabinets,7.0
ruth,7.0
mortgage,7.0
approve,7.0
solution,7.0
low,7.0
website,7.0
interviews,7.0
camille,7.0
tracked,7.0
kitchen,7.0
relationships,7.0
though,7.0
randall,7.0
retwell,7.0
preliminary,7.0
dave,7.0
earlier,7.0
ann,7.0
2537,7.0
october,7.0
unsubscribe,7.0
late,7.0
reschedule,7.0
everything,7.0
increased,7.0
summer,7.0
heizenrader,7.0
80,7.0
bids,7.0
names,7.0
products,7.0
activities,7.0
inc,7.0
vendors,7.0
assets,7.0
spreads,7.0
11,7.0
say,7.0
continue,7.0
manage,7.0
record,7.0
consultants,7.0
anna,7.0
bath,7.0
msn,7.0
great,7.0
vacation,7.0
southern,7.0
35,7.0
improved,7.0
analysis,7.0
512,6.0
assumptions,6.0
703,6.0
consensus,6.0
build,6.0
signed,6.0
big,6.0
pipelines,6.0
bringing,6.0
grant,6.0
lance,6.0
leslie,6.0
mar,6.0
facilitate,6.0
300,6.0
1,6.0
angela,6.0
extremely,6.0
capital,6.0
patrick,6.0
border,6.0
understanding,6.0
agenda,6.0
vladimir,6.0
customer,6.0
decision,6.0
shows,6.0
decked,6.0
phase,6.0
park,6.0
TRUE,6.0
enable,6.0
cynthia,6.0
procedures,6.0
cathy,6.0
bookkeeping,6.0
sheet,6.0
marsha,6.0
actually,6.0
square,6.0
effort,6.0
raise,6.0
briefing,6.0
print,6.0
desired,6.0
residential,6.0
capture,6.0
parties,6.0
share,6.0
diego,6.0
lam,6.0
danny,6.0
stay,6.0
jo,6.0
hebert,6.0
setting,6.0
indeces,6.0
filtration,6.0
100,6.0
widening,6.0
dad,6.0
investors,6.0
members,6.0
reductions,6.0
hydro,6.0
smaller,6.0
progress,6.0
acceptable,6.0
road,6.0
confidential,6.0
confirm,6.0
built,6.0
floors,6.0
privileged,6.0
code,6.0
thinking,6.0
intended,6.0
broker,6.0
dennis,6.0
managing,6.0
comment,6.0
sally,6.0
ago,6.0
hearing,6.0
relationship,6.0
treatment,6.0
mass,6.0
panels,6.0
reimbursement,6.0
harry,6.0
almost,6.0
completion,6.0
mid,6.0
allowed,6.0
ticker,6.0
represents,6.0
tyrell,6.0
applied,6.0
obtaining,6.0
inclusion,6.0
database,6.0
kyle,6.0
bike,6.0
effect,6.0
anything,6.0
drill,6.0
valuations,6.0
unlikely,6.0
lay,6.0
phasing,6.0
move,6.0
handle,6.0
laptop,6.0
pda,6.0
released,6.0
angie,6.0
split,6.0
curves,6.0
maintains,6.0
messaging,6.0
mailings,6.0
databases,6.0
budget,6.0
letter,6.0
including,6.0
lavorato,6.0
example,6.0
fha,6.0
electric,6.0
break,6.0
thu,6.0
jornada,6.0
pilot,6.0
palm,6.0
gather,6.0
nymex,6.0
agreed,6.0
drawings,6.0
patti,6.0
offers,6.0
passed,6.0
outside,6.0
arcade,6.0
paso,6.0
dealing,6.0
define,6.0
cdt,6.0
christina,6.0
thoughts,6.0
running,6.0
discussion,6.0
version,6.0
lenhart,6.0
professionals,6.0
reference,6.0
nwpl,6.0
lien,6.0
rockies,6.0
testing,6.0
representatives,6.0
minutes,6.0
davis,6.0
enclosed,6.0
reportedly,6.0
represent,6.0
governor,6.0
daniel,6.0
liane,6.0
reminder,6.0
concerned,6.0
thing,6.0
roger,6.0
celeste,6.0
remaining,6.0
ab,6.0
living,6.0
hold,6.0
issuance,6.0
barbara,6.0
public,6.0
multifamily,6.0
wife,6.0
five,6.0
times,6.0
extensions,6.0
transfer,6.0
ski,5.0
heat,5.0
stanfield,5.0
eott,5.0
doors,5.0
option,5.0
differences,5.0
rooms,5.0
bryan,5.0
fred,5.0
takes,5.0
size,5.0
brandon,5.0
monitoring,5.0
bay,5.0
complex,5.0
browser,5.0
windows,5.0
helps,5.0
negotiations,5.0
hi,5.0
checks,5.0
private,5.0
common,5.0
item,5.0
tcba,5.0
unless,5.0
rob,5.0
41,5.0
ideas,5.0
bad,5.0
tra,5.0
assume,5.0
factory,5.0
lednicky,5.0
notices,5.0
clean,5.0
session,5.0
eb3210c,5.0
brown,5.0
asking,5.0
delete,5.0
action,5.0
flows,5.0
kholst,5.0
onsite,5.0
often,5.0
matter,5.0
scheduling,5.0
touch,5.0
burnet,5.0
written,5.0
decisions,5.0
aware,5.0
notice,5.0
diana,5.0
arthur,5.0
bedroom,5.0
gonzalez,5.0
faxed,5.0
reliability,5.0
martin,5.0
confidentiality,5.0
worked,5.0
become,5.0
surprised,5.0
clearly,5.0
income,5.0
commercial,5.0
appreciate,5.0
everyone,5.0
intelligence,5.0
advise,5.0
generate,5.0
school,5.0
care,5.0
enormous,5.0
forced,5.0
suggested,5.0
offline,5.0
considering,5.0
significant,5.0
present,5.0
deferred,5.0
clarification,5.0
frogger,5.0
stephen,5.0
function,5.0
ii,5.0
immediately,5.0
comfortable,5.0
ladwp,5.0
airam,5.0
rita,5.0
party,5.0
unable,5.0
disbursements,5.0
maria,5.0
attend,5.0
topic,5.0
clay,5.0
article,5.0
glad,5.0
sherry,5.0
optimistic,5.0
marty,5.0
prospect,5.0
volumes,5.0
dollar,5.0
russell,5.0
jayant,5.0
speaking,5.0
neal,5.0
opal,5.0
jubran,5.0
christian,5.0
confirmation,5.0
amf,5.0
inside,5.0
pull,5.0
sm134,5.0
previous,5.0
peak,5.0
learn,5.0
whitt,5.0
taken,5.0
minimum,5.0
apartments,5.0
kenneth,5.0
miss,5.0
exactly,5.0
dormers,5.0
55,5.0
pays,5.0
pursuing,5.0
recourse,5.0
tholt,5.0
reduced,5.0
rentable,5.0
compared,5.0
civil,5.0
ownership,5.0
northwest,5.0
cst,5.0
typically,5.0
texas,5.0
towards,5.0
stucco,5.0
accurate,5.0
gmt,5.0
scsatkfa,5.0
associated,5.0
markets,5.0
extra,5.0
early,5.0
games,5.0
operations,5.0
similar,5.0
assumption,5.0
average,5.0
works,5.0
reduce,5.0
invoices,5.0
victor,5.0
carol,5.0
finished,5.0
posted,5.0
usually,5.0
student,5.0
window,5.0
sharon,5.0
advance,5.0
sean,5.0
denver,5.0
wed,5.0
seller,5.0
problem,5.0
feasible,5.0
vicki,5.0
douglas,5.0
specific,5.0
mara,5.0
jesus,5.0
contractor,5.0
max,5.0
air,5.0
closed,5.0
mou,5.0
critical,5.0
explorer,5.0
ensure,5.0
entities,5.0
assoc,5.0
definitely,5.0
booking,5.0
lack,5.0
legislative,5.0
created,5.0
bonds,5.0
checking,5.0
filled,5.0
situation,5.0
draw,5.0
adjusted,5.0
admin,5.0
commit,5.0
financials,5.0
shut,5.0
acn,5.0
siding,5.0
20,5.0
suite,5.0
history,5.0
joan,5.0
helpful,5.0
farmhouse,5.0
sells,5.0
family,5.0
steis,5.0
authority,5.0
wo,5.0
jack,5.0
beyond,5.0
approx,5.0
along,5.0
los,5.0
apartment,5.0
bland,5.0
button,5.0
noon,5.0
kids,5.0
light,5.0
sb,5.0
putting,5.0
reviewing,5.0
authorized,5.0
bankruptcy,5.0
todd,5.0
sarah,5.0
peggy,5.0
severude,5.0
bedrooms,5.0
buildings,5.0
angeles,5.0
useful,5.0
expecting,5.0
16,5.0
tickets,4.0
bobbie,4.0
hillis,4.0
1999,4.0
features,4.0
lyndel,4.0
kristi,4.0
fran,4.0
shanna,4.0
lia,4.0
pick,4.0
johnna,4.0
withdrawal,4.0
filings,4.0
server,4.0
ned,4.0
allison,4.0
enter,4.0
amir,4.0
infrastructure,4.0
hand,4.0
country,4.0
lloyd,4.0
valued,4.0
carl,4.0
hr,4.0
brent,4.0
adjust,4.0
edgar,4.0
alvin,4.0
doug,4.0
department,4.0
busy,4.0
sounds,4.0
bonne,4.0
charlotte,4.0
valeria,4.0
entries,4.0
iris,4.0
operation,4.0
class,4.0
rick,4.0
supposed,4.0
basically,4.0
citygate,4.0
receiving,4.0
facility,4.0
alvarez,4.0
resolve,4.0
leaving,4.0
printing,4.0
dear,4.0
gwynn,4.0
blair,4.0
laquitta,4.0
rules,4.0
darvin,4.0
katherine,4.0
ronald,4.0
leon,4.0
remote,4.0
maintain,4.0
delaney,4.0
versus,4.0
tasks,4.0
called,4.0
sid,4.0
charts,4.0
tukwila,4.0
news,4.0
milton,4.0
migrated,4.0
officer,4.0
mapping,4.0
raj,4.0
ramon,4.0
half,4.0
wesley,4.0
shekar,4.0
traveling,4.0
industry,4.0
agree,4.0
looked,4.0
rents,4.0
duplexes,4.0
powerex,4.0
secure,4.0
nancy,4.0
monica,4.0
foot,4.0
submit,4.0
regards,4.0
pallen70,4.0
obligations,4.0
attempt,4.0
establish,4.0
restructure,4.0
says,4.0
90,4.0
cross,4.0
gamma,4.0
spreadsheets,4.0
isolate,4.0
economic,4.0
benchmark,4.0
interim,4.0
hayden,4.0
alliance,4.0
monitor,4.0
ps,4.0
110,4.0
paula,4.0
earned,4.0
issued,4.0
wood,4.0
downstairs,4.0
noi,4.0
wimberley,4.0
guarantee,4.0
larger,4.0
developments,4.0
chairman,4.0
legal,4.0
obvious,4.0
acres,4.0
pro,4.0
picture,4.0
programs,4.0
annual,4.0
post,4.0
jeremy,4.0
fiscals,4.0
shaped,4.0
island,4.0
enlarge,4.0
pantry,4.0
corporate,4.0
clclegal2,4.0
leaks,4.0
conduct,4.0
finishings,4.0
desire,4.0
sketch,4.0
belief,4.0
outliers,4.0
pending,4.0
arsystem,4.0
27th,4.0
baths,4.0
zimin,4.0
delta,4.0
140,4.0
pwr,4.0
microturbine,4.0
accounts,4.0
dorinson,4.0
chart,4.0
comes,4.0
180,4.0
inspect,4.0
janel,4.0
10m,4.0
stupid,4.0
switched,4.0
reflects,4.0
commodity,4.0
500,4.0
wes,4.0
unplanned,4.0
repairs,4.0
visited,4.0
delainey,4.0
district,4.0
exclusive,4.0
ermis,4.0
kpmg,4.0
fix,4.0
dividends,4.0
format,4.0
waiting,4.0
quiet,4.0
revenues,4.0
formal,4.0
iep,4.0
guerrero,4.0
oblige,4.0
permian,4.0
main,4.0
brought,4.0
appear,4.0
clearing,4.0
formulate,4.0
relative,4.0
importance,4.0
thus,4.0
american,4.0
grouped,4.0
results,4.0
jsmith,4.0
kuykendall,4.0
volatility,4.0
cera,4.0
nice,4.0
spb,4.0
lodonnell,4.0
jklauber,4.0
aec,4.0
layout,4.0
happen,4.0
liking,4.0
harrison,4.0
doctor,4.0
formula,4.0
security,4.0
committee,4.0
files,4.0
shirley,4.0
delivered,4.0
tina,4.0
coa,4.0
architectural,4.0
proceeds,4.0
write,4.0
sending,4.0
deborah,4.0
pricing,4.0
tax,4.0
connected,4.0
connection,4.0
capitol,4.0
transferred,4.0
url,4.0
checked,4.0
shelley,4.0
butler,4.0
benson,4.0
station,4.0
paying,4.0
begin,4.0
fast,4.0
escrow,4.0
stuff,4.0
stick,4.0
university,4.0
bom,4.0
loop,4.0
extended,4.0
invest,4.0
everyday,4.0
catherine,4.0
express,4.0
lowers,4.0
events,4.0
rahal,4.0
causes,4.0
cut,4.0
2nd,4.0
rock,4.0
match,4.0
important,4.0
alert,4.0
copyright,4.0
hotmail,4.0
reply,4.0
coming,4.0
attending,4.0
wk,4.0
arnold,4.0
debbie,4.0
nowak,4.0
proceedings,4.0
stating,4.0
began,4.0
mcnary,4.0
lehman,4.0
authorize,4.0
properties,4.0
resumes,4.0
bought,4.0
adjustment,4.0
managers,4.0
200,4.0
typical,4.0
reason,4.0
asap,4.0
worksheet,4.0
deep,4.0
staff,4.0
making,4.0
assistance,4.0
compare,4.0
global,4.0
designated,4.0
facing,4.0
fund,4.0
faith,4.0
completely,4.0
shockwave,4.0
automatically,4.0
recipient,4.0
sort,4.0
ride,4.0
tony,4.0
partners,4.0
aluminum,4.0
enrononline,4.0
6x,4.0
considered,4.0
competitive,4.0
panel,4.0
moved,4.0
percentage,4.0
sullivan,4.0
grace,4.0
vision,4.0
framing,4.0
mog,4.0
answered,4.0
rotation,4.0
hewitt,4.0
rhonda,4.0
expand,4.0
deadline,4.0
liabilities,4.0
gain,4.0
entry,4.0
anne,4.0
steffes,4.0
privileges,4.0
asserted,4.0
matters,4.0
various,4.0
provided,4.0
payout,4.0
terri,4.0
satisfied,4.0
pacific,4.0
solid,4.0
suspect,4.0
consideration,4.0
sandy,4.0
controls,4.0
mitigation,4.0
upcoming,4.0
reitmeyer,4.0
conf,4.0
ryan,3.0
saying,3.0
judy,3.0
tenant,3.0
lowered,3.0
17,3.0
del,3.0
kam,3.0
buying,3.0
exercise,3.0
jackie,3.0
administrative,3.0
christy,3.0
messenger,3.0
tammy,3.0
teresa,3.0
structuring,3.0
darren,3.0
heard,3.0
44,3.0
bradley,3.0
elvis,3.0
pepl,3.0
chicago,3.0
giovannini,3.0
rights,3.0
purposes,3.0
dolores,3.0
keeps,3.0
hourly,3.0
shankman,3.0
overdue,3.0
thresa,3.0
cactus,3.0
janette,3.0
columbia,3.0
live,3.0
decide,3.0
cheryl,3.0
chad,3.0
al,3.0
downward,3.0
unclear,3.0
tw,3.0
600,3.0
stagecoach,3.0
1400,3.0
compensation,3.0
invested,3.0
copies,3.0
transmitted,3.0
started,3.0
190,3.0
addressed,3.0
comps,3.0
areas,3.0
recognize,3.0
formas,3.0
basdeload,3.0
viruses,3.0
scan,3.0
calc,3.0
deposits,3.0
recession,3.0
sufficient,3.0
mday,3.0
accounting,3.0
transactions,3.0
replatting,3.0
press,3.0
principal,3.0
owners,3.0
agency,3.0
vista,3.0
walk,3.0
specifically,3.0
figure,3.0
bpa,3.0
gets,3.0
jed,3.0
levels,3.0
owned,3.0
sellers,3.0
signing,3.0
specs,3.0
ngi,3.0
guests,3.0
cuatro,3.0
partial,3.0
wayne,3.0
travis,3.0
pat,3.0
stacey,3.0
esmtp,3.0
content,3.0
special,3.0
iron,3.0
undermount,3.0
spinning,3.0
47,3.0
tomas,3.0
credits,3.0
originally,3.0
published,3.0
independent,3.0
operator,3.0
federal,3.0
generators,3.0
international,3.0
inspected,3.0
dyn,3.0
berthold,3.0
huntington,3.0
beach,3.0
courtyard,3.0
reaction,3.0
posts,3.0
walls,3.0
overstated,3.0
depletion,3.0
indebtedness,3.0
ratings,3.0
scenarios,3.0
transition,3.0
andybrwn,3.0
abb,3.0
2381,3.0
qf,3.0
tors,3.0
regula,3.0
increasing,3.0
persons,3.0
20b,3.0
superintendent,3.0
gp,3.0
pipe,3.0
prospective,3.0
beverly,3.0
debora,3.0
dorothy,3.0
evan,3.0
gayle,3.0
ginger,3.0
harold,3.0
leasa,3.0
mpalmer,3.0
rosalinda,3.0
skean,3.0
tanya,3.0
tasha,3.0
wanda,3.0
triley,3.0
dwatkiss,3.0
rcarroll,3.0
gfergus,3.0
bruno,3.0
ren,3.0
alain,3.0
ruby,3.0
amanda,3.0
seguin,3.0
gen,3.0
hoskins,3.0
waha,3.0
fuel,3.0
2,3.0
charges,3.0
opinion,3.0
sometime,3.0
nw,3.0
pgen,3.0
map,3.0
23,3.0
authorization,3.0
control,3.0
contain,3.0
oppose,3.0
quick,3.0
williams,3.0
dsl,3.0
met,3.0
weather,3.0
earnings,3.0
candidates,3.0
coverage,3.0
intend,3.0
black,3.0
consumer,3.0
consumption,3.0
sp15,3.0
alternatives,3.0
architects,3.0
choices,3.0
ozzie,3.0
ask,3.0
holiday,3.0
gis,3.0
vince,3.0
nick,3.0
stinson,3.0
gregory,3.0
carolyn,3.0
melissa,3.0
performed,3.0
memo,3.0
vice,3.0
profiles,3.0
hrgis,3.0
command,3.0
target,3.0
returned,3.0
variable,3.0
distribute,3.0
frog,3.0
phil,3.0
imports,3.0
nature,3.0
offering,3.0
marde,3.0
crisis,3.0
kucher,3.0
old,3.0
vishal,3.0
explain,3.0
calls,3.0
proposed,3.0
louise,3.0
bills,3.0
8th,3.0
trust,3.0
negotiated,3.0
opposed,3.0
8x,3.0
elements,3.0
31x,3.0
dwr,3.0
senator,3.0
bowen,3.0
feels,3.0
unnecessary,3.0
projected,3.0
probability,3.0
slight,3.0
york,3.0
train,3.0
des,3.0
griff,3.0
master,3.0
porches,3.0
mlenhart,3.0
19,3.0
assistant,3.0
inspection,3.0
tory,3.0
stephane,3.0
maps,3.0
philip,3.0
clarify,3.0
november,3.0
player,3.0
expense,3.0
7th,3.0
portal,3.0
universe,3.0
brings,3.0
implied,3.0
jsteele,3.0
savings,3.0
cycles,3.0
meantime,3.0
indications,3.0
va,3.0
forms,3.0
negotiate,3.0
seasonal,3.0
listen,3.0
amy,3.0
immediate,3.0
perform,3.0
bulge,3.0
vertebra,3.0
obviously,3.0
spine,3.0
extreme,3.0
farms,3.0
arrange,3.0
except,3.0
wow,3.0
pain,3.0
performance,3.0
kept,3.0
handled,3.0
bedridden,3.0
incapacitated,3.0
administration,3.0
tract,3.0
knock,3.0
among,3.0
hitting,3.0
permits,3.0
tight,3.0
winner,3.0
regret,3.0
claims,3.0
four,3.0
indicates,3.0
salary,3.0
pw,3.0
unusual,3.0
freakish,3.0
wind,3.0
storm,3.0
downdrafts,3.0
downdraft,3.0
direction,3.0
raters,3.0
rain,3.0
evaluation,3.0
luck,3.0
log,3.0
statements,3.0
correct,3.0
jake,3.0
elliot,3.0
amounts,3.0
ed,3.0
category,3.0
investments,3.0
maximum,3.0
college,3.0
install,3.0
wrote,3.0
0,3.0
fewer,3.0
sub,3.0
cooper,3.0
sharing,3.0
phases,3.0
fortunately,3.0
prompt,3.0
attention,3.0
creating,3.0
lists,3.0
easily,3.0
retail,3.0
assure,3.0
ts,3.0
debe,3.0
stand,3.0
detailing,3.0
distinguish,3.0
buys,3.0
rejected,3.0
airborne,3.0
field,3.0
knows,3.0
shift,3.0
wait,3.0
waived,3.0
happens,3.0
opinions,3.0
investigated,3.0
ad,3.0
rows,3.0
suggestion,3.0
mills,3.0
cautious,3.0
hour,3.0
developing,3.0
paper,3.0
official,3.0
insult,3.0
transaction,3.0
kent,3.0
expressed,3.0
concern,3.0
puget,3.0
tab,3.0
values,3.0
introducing,3.0
exceptional,3.0
basic,3.0
schedules,3.0
uncovered,3.0
bottom,3.0
zoning,3.0
smart,3.0
viewing,3.0
corridor,3.0
ordinances,3.0
uses,3.0
talking,3.0
lone,3.0
raised,3.0
exhibit,3.0
attracted,3.0
mix,3.0
sabey,3.0
canada,3.0
currency,3.0
cameron,3.0
gated,3.0
volume,3.0
communities,3.0
largest,3.0
screening,3.0
somewhere,3.0
poole,3.0
preferences,3.0
severson,3.0
1031,3.0
fence,3.0
growing,3.0
microsoft,3.0
uneven,3.0
golf,3.0
24,3.0
star,3.0
easement,3.0
strike,3.0
identical,3.0
adjoining,3.0
edwards,3.0
affairs,3.0
infill,3.0
affect,3.0
surrounding,3.0
expiration,3.0
neighborhoods,3.0
feet,3.0
moore,3.0
reward,3.0
buckner,3.0
network,3.0
marketplace,3.0
psf,3.0
releases,3.0
townhomes,3.0
hall,3.0
jean,3.0
leased,3.0
accessible,3.0
liability,3.0
lets,3.0
incurred,3.0
cancel,3.0
yellow,3.0
develop,3.0
fw,3.0
dramatically,3.0
aeco,3.0
executed,3.0
counterparty,3.0
principals,3.0
owns,3.0
assist,3.0
anytime,3.0
serious,3.0
generally,3.0
reliable,3.0
suggest,3.0
housing,3.0
establishing,3.0
crude,3.0
shares,3.0
appraisals,3.0
keilty,3.0
goldsmith,3.0
conversation,3.0
rc,3.0
proposing,3.0
active,3.0
holding,3.0
stdolelink,3.0
brief,3.0
greater,3.0
firms,3.0
entered,3.0
250,3.0
kwh,3.0
developed,3.0
clients,3.0
fact,3.0
thoroughly,3.0
stock,3.0
sensitive,3.0
sempra,3.0
purchased,3.0
sq,3.0
sense,3.0
found,3.0
403,3.0
embedded,3.0
developer,3.0
added,3.0
microturbines,3.0
eight,3.0
spare,2.0
designadvice,2.0
dopewars,2.0
identify,2.0
discount,2.0
flexible,2.0
commissions,2.0
push,2.0
goals,2.0
gotten,2.0
reducing,2.0
pergher,2.0
publications,2.0
reiterate,2.0
800,2.0
swg,2.0
approach,2.0
inquiry,2.0
measured,2.0
choosing,2.0
describe,2.0
shorter,2.0
ben,2.0
stained,2.0
providing,2.0
scored,2.0
enorman,2.0
concrete,2.0
fell,2.0
consecutive,2.0
inventory,2.0
mapped,2.0
backup,2.0
underlying,2.0
shareholder,2.0
lkuch,2.0
mcdonald,2.0
man,2.0
oversee,2.0
recruit,2.0
customized,2.0
easiest,2.0
regan,2.0
mailing,2.0
telling,2.0
dyer,2.0
unify,2.0
tagg,2.0
officials,2.0
prime,2.0
dawn,2.0
cal,2.0
erms,2.0
forecasts,2.0
life,2.0
quote,2.0
lynch,2.0
graphs,2.0
hoc,2.0
vance,2.0
merrill,2.0
1000,2.0
regulators,2.0
temperature,2.0
remove,2.0
rotations,2.0
particular,2.0
downs,2.0
teams,2.0
execute,2.0
consolidate,2.0
centipede,2.0
hooked,2.0
layer,2.0
municipal,2.0
kv,2.0
quarters,2.0
classics,2.0
related,2.0
throughput,2.0
jaques,2.0
prioritised,2.0
memories,2.0
honeywell,2.0
objectives,2.0
laundry,2.0
solve,2.0
hedges,2.0
missile,2.0
kenny,2.0
consolidation,2.0
propose,2.0
outsourcing,2.0
bikes,2.0
accomplish,2.0
procurement,2.0
reflect,2.0
unwind,2.0
percent,2.0
500k,2.0
fit,2.0
cherry,2.0
stan,2.0
overtime,2.0
maintained,2.0
photograph,2.0
miles,2.0
occasionally,2.0
quickly,2.0
carry,2.0
setup,2.0
mmcf,2.0
550,2.0
de,2.0
braunfels,2.0
super,2.0
warp,2.0
hands,2.0
bullet,2.0
dynamic,2.0
wages,2.0
guys,2.0
advertisement,2.0
executing,2.0
informative,2.0
1428,2.0
nm,2.0
similiar,2.0
documenting,2.0
folder,2.0
ends,2.0
force,2.0
fight,2.0
refinance,2.0
768,2.0
breakout,2.0
brodeur,2.0
americas,2.0
government,2.0
resolved,2.0
bhavna,2.0
smoothly,2.0
stall,2.0
amortization,2.0
deleting,2.0
forgot,2.0
replaced,2.0
eb3014,2.0
pauline,2.0
effective,2.0
accuracy,2.0
gay,2.0
28th,2.0
mailed,2.0
records,2.0
errol,2.0
walmart,2.0
rotate,2.0
sight,2.0
dialogue,2.0
flush,2.0
fercnow,2.0
connect,2.0
sustainable,2.0
easier,2.0
modification,2.0
shiring,2.0
fits,2.0
album,2.0
repaid,2.0
equate,2.0
clinton,2.0
630,2.0
highlighted,2.0
branch,2.0
etringer,2.0
7926,2.0
gomez,2.0
netback,2.0
sj,2.0
likes,2.0
racks,2.0
provides,2.0
shop,2.0
body,2.0
teenager,2.0
mclean,2.0
ext,2.0
1023,2.0
443,2.0
7,2.0
errand,2.0
prorate,2.0
upset,2.0
kuo,2.0
capability,2.0
240,2.0
preference,2.0
adds,2.0
carla,2.0
documentation,2.0
xh,2.0
hoffman,2.0
extrinsic,2.0
carpet,2.0
consuming,2.0
merlin,2.0
retainer,2.0
houseful,2.0
ralph,2.0
steele,2.0
302,2.0
8855,2.0
offset,2.0
exclude,2.0
ct,2.0
77055,2.0
turnover,2.0
futures,2.0
partially,2.0
reputation,2.0
specify,2.0
alluded,2.0
prospectus,2.0
son,2.0
inability,2.0
inform,2.0
fundamental,2.0
amongst,2.0
huge,2.0
lines,2.0
kern,2.0
joining,2.0
dated,2.0
mst,2.0
daughter,2.0
subscribing,2.0
hello,2.0
infinitely,2.0
spreading,2.0
coordinate,2.0
tied,2.0
charged,2.0
methods,2.0
valuing,2.0
accessing,2.0
correspondence,2.0
margaret,2.0
neither,2.0
ron,2.0
forfeit,2.0
outlays,2.0
peter,2.0
accrued,2.0
sheri,2.0
extraordinary,2.0
attorneys,2.0
minimal,2.0
count,2.0
acceptance,2.0
irma,2.0
demographics,2.0
acting,2.0
unpaid,2.0
irrevocable,2.0
result,2.0
stopped,2.0
shari,2.0
maureen,2.0
jeanie,2.0
ended,2.0
occur,2.0
veronica,2.0
roughly,2.0
counted,2.0
ltd,2.0
8511,2.0
horseshoe,2.0
ledge,2.0
heather,2.0
telephone,2.0
studies,2.0
parcels,2.0
concessions,2.0
kohutek,2.0
safe,2.0
privacy,2.0
benotti,2.0
transmit,2.0
standpoint,2.0
error,2.0
prohibited,2.0
carrying,2.0
dissemination,2.0
reading,2.0
deed,2.0
regulated,2.0
types,2.0
quattro,2.0
buda,2.0
speculative,2.0
forecasting,2.0
unfortunately,2.0
backing,2.0
hershey,2.0
parent,2.0
13th,2.0
preparing,2.0
sunday,2.0
tentative,2.0
architecture,2.0
perimeter,2.0
begun,2.0
fencing,2.0
landscaping,2.0
undeveloped,2.0
contention,2.0
raw,2.0
waste,2.0
75k,2.0
declined,2.0
presented,2.0
depended,2.0
reimburse,2.0
careful,2.0
separate,2.0
residence,2.0
becky,2.0
excess,2.0
cease,2.0
excluded,2.0
bypassed,2.0
rough,2.0
indices,2.0
reveal,2.0
ft,2.0
aid,2.0
nondeliverable,2.0
postmaster,2.0
carries,2.0
insulation,2.0
personally,2.0
tests,2.0
surveys,2.0
filing,2.0
organization,2.0
condominium,2.0
association,2.0
formation,2.0
joist,2.0
compiled,2.0
cents,2.0
brokerage,2.0
gross,2.0
wondering,2.0
illustrate,2.0
developers,2.0
apb,2.0
amerex,2.0
26th,2.0
vacancy,2.0
intending,2.0
fiberglass,2.0
consistent,2.0
tel,2.0
shortly,2.0
tile,2.0
apron,2.0
sides,2.0
interior,2.0
conversations,2.0
unlike,2.0
connections,2.0
bonneville,2.0
jonathan,2.0
strategies,2.0
larrry,2.0
disappointed,2.0
pocket,2.0
vital,2.0
refunded,2.0
locate,2.0
bloomberg,2.0
convey,2.0
considers,2.0
writing,2.0
granted,2.0
earnest,2.0
gerri,2.0
sheets,2.0
known,2.0
tie,2.0
aod,2.0
longer,2.0
calendars,2.0
boost,2.0
administrators,2.0
planned,2.0
bell,2.0
reached,2.0
manipulate,2.0
trouble,2.0
exit,2.0
elevator,2.0
basics,2.0
ring,2.0
referred,2.0
saturn,2.0
foreign,2.0
directory,2.0
spaces,2.0
sync,2.0
garages,2.0
fiscal,2.0
thurs,2.0
remains,2.0
20th,2.0
core,2.0
incrementally,2.0
exotic,2.0
brothers,2.0
tbd,2.0
instantaneous,2.0
approximate,2.0
33,2.0
binding,2.0
vague,2.0
revalue,2.0
invitation,2.0
missing,2.0
ltc,2.0
tried,2.0
authorizes,2.0
atty,2.0
correlations,2.0
friend,2.0
disclosure,2.0
overly,2.0
inevitablely,2.0
mine,2.0
gathered,2.0
biop,2.0
showed,2.0
incorporate,2.0
feeling,2.0
suited,2.0
hull,2.0
voluntary,2.0
votes,2.0
components,2.0
managed,2.0
deployment,2.0
adjustments,2.0
eliminate,2.0
performing,2.0
occupancy,2.0
presence,2.0
closer,2.0
sustain,2.0
skew,2.0
legislation,2.0
framers,2.0
936022,2.0
bee,2.0
cave,2.0
participate,2.0
misc,2.0
distributed,2.0
subpoenas,2.0
borrower,2.0
78746,2.0
661877,2.0
collateral,2.0
host,2.0
eastern,2.0
mobile,2.0
jalexander,2.0
subcontractors,2.0
properly,2.0
selecting,2.0
marcia,2.0
2714,2.0
possibility,2.0
aggregation,2.0
deleted,2.0
doubt,2.0
signature,2.0
masonry,2.0
lump,2.0
sum,2.0
amenities,2.0
dip,2.0
amenity,2.0
2002,2.0
fallen,2.0
absorbed,2.0
obtained,2.0
unwilling,2.0
flag,2.0
leander,2.0
turning,2.0
democratic,2.0
2004,2.0
iterations,2.0
seeking,2.0
origination,2.0
lieu,2.0
decides,2.0
undertake,2.0
charge,2.0
translates,2.0
disclose,2.0
uom,2.0
cases,2.0
specification,2.0
environmental,2.0
conversions,2.0
agreeable,2.0
bullish,2.0
worse,2.0
q3,2.0
leasing,2.0
simplistic,2.0
sky,2.0
appraiser,2.0
carpenters,2.0
scenario,2.0
cornice,2.0
explicit,2.0
factor,2.0
suit,2.0
stands,2.0
biweekly,2.0
ozuna,2.0
unfamiliar,2.0
lender,2.0
dec,2.0
construct,2.0
imagine,2.0
implicit,2.0
excluding,2.0
monies,2.0
slowdown,2.0
summarized,2.0
575,2.0
subcontractor,2.0
carpenter,2.0
speed,2.0
peterson,2.0
gossett,2.0
constantly,2.0
wiltfong,2.0
migliano,2.0
reynolds,2.0
champs,2.0
rapport,2.0
kris,2.0
shireman,2.0
vanderhorst,2.0
shopped,2.0
fleming,2.0
dying,2.0
identified,2.0
sturm,2.0
handouts,2.0
heu,2.0
preapred,2.0
eb2601,2.0
seriously,2.0
barker,2.0
tate,2.0
jeanette,2.0
referring,2.0
cbi420478,2.0
15427,2.0
lamar,2.0
6000,2.0
roofing,2.0
drywall,2.0
diza,2.0
robinson,2.0
disagreement,2.0
driscoll,2.0
pendegraft,2.0
presume,2.0
boettcher,2.0
accommodating,2.0
proceedures,2.0
bangle,2.0
guerra,2.0
blaine,2.0
believed,2.0
removed,2.0
prebon,2.0
debra,2.0
economy,2.0
implement,2.0
undiscounted,2.0
discharge,2.0
observations,2.0
effects,2.0
lynn,2.0
anticipated,2.0
existed,2.0
betty,2.0
presto,2.0
sarr,2.0
perceived,2.0
premium,2.0
wider,2.0
130,2.0
affiliates,2.0
170,2.0
karzmar,2.0
revenue,2.0
wing,2.0
showing,2.0
serve,2.0
tammie,2.0
retain,2.0
memorandum,2.0
stimulate,2.0
reviews,2.0
opening,2.0
essential,2.0
cuilla,2.0
productive,2.0
holtz,2.0
receipts,2.0
christine,2.0
jenny,2.0
technology,2.0
reflected,2.0
checkbook,2.0
credited,2.0
imagination,2.0
loads,2.0
cycling,2.0
described,2.0
rhonna,2.0
landscape,2.0
separately,2.0
procuring,2.0
ip,2.0
covered,2.0
wings,2.0
30c1,2.0
passwords,2.0
fun,2.0
honest,2.0
relatively,2.0
positive,2.0
ranabir,2.0
timothy,2.0
animation,2.0
owed,2.0
delegation,2.0
jere,2.0
panned,2.0
px,2.0
consulting,2.0
nicki,2.0
mouse,2.0
washington,2.0
cherylene,2.0
pilar,2.0
tariff,2.0
cantrell,2.0
darlene,2.0
riding,2.0
v,2.0
stuart,2.0
skipping,2.0
equivalent,2.0
owner,2.0
lu,2.0
outflows,2.0
prepare,2.0
non,2.0
fired,2.0
stayed,2.0
oil,2.0
sheila,2.0
regard,2.0
promote,2.0
richter,2.0
katy,2.0
resolution,2.0
insight,2.0
baby,2.0
associate,2.0
hehub,2.0
duties,2.0
assess,2.0
collect,2.0
truck,2.0
memorial,2.0
certain,2.0
kirk,2.0
ideally,2.0
cora,2.0
maggie,2.0
servers,2.0
traffic,2.0
classic,2.0
denis,2.0
completing,2.0
phyllis,2.0
pst,2.0
mile,2.0
martha,2.0
opened,2.0
valley,2.0
walters,2.0
flying,2.0
1997,2.0
billi,2.0
rika,2.0
383,2.0
kristian,2.0
margie,2.0
favorite,2.0
act,2.0
37041,2.0
inserting,2.0
contains,2.0
section,2.0
massive,2.0
appreciated,2.0
greatly,2.0
automatic,2.0
460,2.0
interview,2.0
illustrates,2.0
mode,2.0
component,2.0
edit,2.0
boat,2.0
kaplan,2.0
implementation,2.0
proxy,2.0
publication,2.0
jet,2.0
production,2.0
pgt,2.0
souad,2.0
rllamkin,2.0
clayton,2.0
lande,2.0
bilal,2.0
darron,2.0
carole,2.0
difference,2.0
conservative,2.0
someone,2.0
alejandra,2.0
jad,2.0
jose,2.0
chuck,2.0
binh,2.0
sonja,2.0
eva,2.0
1200,2.0
1600,2.0
3124,2.0
dnowak,2.0
speaks,2.0
2565,2.0
presenter,2.0
specified,2.0
depending,2.0
employee,2.0
composite,2.0
kimat,2.0
sanchez,2.0
mcmannes,2.0
sweitzer,2.0
derek,2.0
rajesh,2.0
albert,2.0
terry,2.0
yuan,2.0
temporary,2.0
emailed,2.0
gtbl,2.0
rjhickok,2.0
lock,2.0
luchas,2.0
evans,2.0
jackp,2.0
employment,2.0
understood,2.0
kulvinder,2.0
standard,2.0
belden,2.0
kristen,2.0
douglass,2.0
protect,2.0
48,2.0
decided,2.0
22,2.0
journals,2.0
seven,2.0
recieve,2.0
distributor,2.0
smoke,2.0
indicated,2.0
commissioners,2.0
staffers,2.0
highly,2.0
meaning,2.0
music,2.0
luncheon,2.0
attended,2.0
keynote,2.0
speaker,2.0
curt,2.0
debate,2.0
associates,2.0
opportunities,2.0
royer,2.0
imported,2.0
epng,2.0
rapid,2.0
21,2.0
1317gmt,2.0
green,2.0
buck,2.0
nt,2.0
excited,2.0
prompted,2.0
substitute,2.0
saji,2.0
soe,2.0
launch,2.0
route,2.0
balances,2.0
abroad,2.0
lan,2.0
rei,2.0
connecting,2.0
reliant,2.0
happened,2.0
nearly,2.0
vacancies,2.0
expressly,2.0
previously,2.0
enlightening,2.0
biggest,2.0
bumped,2.0
surprise,2.0
announcement,2.0
81,2.0
irena,2.0
shape,2.0
board,2.0
eb3321,2.0
kidventure,2.0
whenever,2.0
relate,2.0
shopper,2.0
x30681,2.0
experienced,2.0
92,2.0
practices,2.0
260,2.0
styles,2.0
calpine,2.0
snapshot,2.0
apt,2.0
commissioner,2.0
voice,2.0
pretty,2.0
manages,2.0
ck,2.0
prolonging,2.0
shortages,2.0
consumers,2.0
interviewers,2.0
37,2.0
goes,2.0
technical,2.0
verify,2.0
eleven,2.0
promotion,2.0
word,2.0
intergate,2.0
governors,2.0
lunch,2.0
export,2.0
complaining,2.0
unique,2.0
machine,2.0
dozen,2.0
flags,2.0
gil,2.0
attach,2.0
recall,2.0
segundo,2.0
kind,2.0
noticed,2.0
barney,2.0
rising,2.0
van,2.0
keeley,2.0
filed,2.0
shulklapper,2.0
ever,2.0
reminders,2.0
grab,2.0
raymond,2.0
envelope,2.0
eps,2.0
paine,2.0
chapman,2.0
emission,2.0
34,2.0
stations,2.0
voting,2.0
functions,2.0
folks,2.0
journal,2.0
spell,2.0
checker,2.0
timed,2.0
resulting,2.0
billy,2.0
training,2.0
lillian,2.0
injecting,2.0
avg,2.0
nicole,2.0
637,2.0
logon,2.0
subtle,2.0
tonai,2.0
mollie,2.0
compliance,2.0
occurred,2.0
extend,2.0
functionality,2.0
anyway,2.0
mention,2.0
world,2.0
officers,2.0
mac,2.0
jordan,2.0
handling,2.0
eog,2.0
jeffery,2.0
templates,2.0
task,2.0
sylvia,2.0
emissions,2.0
blanco,2.0
withdrawing,2.0
phantom,1.0
hartman,1.0
pgi,1.0
consisting,1.0
wscobee,1.0
scobee,1.0
schultz,1.0
craggq,1.0
wfhall2,1.0
ratio,1.0
hedsf,1.0
parameters,1.0
efeo,1.0
twetzel,1.0
iliff,1.0
salvagno,1.0
pelote,1.0
wkawamoto,1.0
kbssac,1.0
1494,1.0
daryl,1.0
arteaga,1.0
jfeldman,1.0
newell,1.0
advantageous,1.0
elevation,1.0
faxing,1.0
siliff,1.0
darrell,1.0
burton,1.0
pnw,1.0
feldman,1.0
bcragg,1.0
excessively,1.0
sugaoka,1.0
ponder,1.0
kellerman,1.0
smara,1.0
wetzel,1.0
sdl,1.0
fox,1.0
sparse,1.0
rjhunter,1.0
actuals,1.0
pressures,1.0
fellman,1.0
difellman,1.0
scholl,1.0
edstrom,1.0
nguyen,1.0
somewhat,1.0
florres,1.0
diligence,1.0
frees,1.0
417,1.0
rcsc,1.0
acheiving,1.0
leveraged,1.0
harlan,1.0
510,1.0
levitt,1.0
475,1.0
pete,1.0
950,1.0
dscholl,1.0
maddox,1.0
emaddox,1.0
lozowicki,1.0
elozowicki,1.0
feo,1.0
reese,1.0
linthicum,1.0
johnson,1.0
bfpjv,1.0
cortopassi,1.0
jensen,1.0
gilford,1.0
swank,1.0
agilford,1.0
arslanian,1.0
temps,1.0
hellertj,1.0
bert,1.0
dittmer,1.0
ba,1.0
heller,1.0
fgent,1.0
gent,1.0
rjtormey,1.0
communicate,1.0
owe,1.0
adams,1.0
sangorgon,1.0
barnes,1.0
buchynsky,1.0
informed,1.0
bbuchynsky,1.0
harlans,1.0
edstrome,1.0
reserve,1.0
tormey,1.0
freesrj,1.0
liens,1.0
gough,1.0
lynette,1.0
replatt,1.0
assurances,1.0
defaulted,1.0
purchases,1.0
negotiating,1.0
elcantar,1.0
bloom,1.0
slowly,1.0
batten,1.0
simplicity,1.0
deduct,1.0
refereeing,1.0
meld,1.0
hertzberg,1.0
livable,1.0
dead,1.0
3800,1.0
gaps,1.0
interviewer,1.0
marc,1.0
4400,1.0
la,1.0
brick,1.0
quicker,1.0
321,1.0
spots,1.0
changing,1.0
essentially,1.0
fletch,1.0
bmckay,1.0
kristann,1.0
roland,1.0
eugene,1.0
artemio,1.0
docs,1.0
106,1.0
refund,1.0
joshua,1.0
382,1.0
barend,1.0
appraisor,1.0
srac,1.0
majeure,1.0
cpa,1.0
altered,1.0
technically,1.0
finance,1.0
object,1.0
students,1.0
white,1.0
vinyl,1.0
tonight,1.0
undecided,1.0
sterling,1.0
305,1.0
glenn,1.0
22648,1.0
mentor,1.0
publisher,1.0
coordinated,1.0
grif,1.0
122k,1.0
worklife,1.0
877k,1.0
puts,1.0
forma,1.0
announcements,1.0
declines,1.0
sunk,1.0
receives,1.0
350k,1.0
camp,1.0
allowance,1.0
617k,1.0
32,1.0
80k,1.0
20164,1.0
cooperation,1.0
buttons,1.0
kitchens,1.0
wall,1.0
2x6,1.0
kayne,1.0
molding,1.0
crown,1.0
trimmed,1.0
anticipate,1.0
fully,1.0
maple,1.0
gutters,1.0
fulltime,1.0
prefers,1.0
counters,1.0
granite,1.0
rear,1.0
felt,1.0
recruiting,1.0
inviting,1.0
photograhph,1.0
retention,1.0
interviewed,1.0
strikes,1.0
spring,1.0
tossed,1.0
kgough,1.0
prefer,1.0
platt,1.0
alexandro,1.0
gentlemen,1.0
presents,1.0
tweak,1.0
jacquestc,1.0
eb30c1,1.0
4584,1.0
3200,1.0
9368,1.0
3120,1.0
5130,1.0
7143,1.0
225k,1.0
745k,1.0
breakeven,1.0
134,1.0
hickok,1.0
moratorium,1.0
checkout,1.0
fifteen,1.0
trips,1.0
familar,1.0
combine,1.0
vest,1.0
topographical,1.0
unsupportable,1.0
rumbaugh,1.0
araceli,1.0
11th,1.0
jan,1.0
smutny,1.0
katie,1.0
1099,1.0
came,1.0
foreclose,1.0
threaten,1.0
intentional,1.0
sacramento,1.0
proceeding,1.0
deserve,1.0
soil,1.0
joke,1.0
engaged,1.0
grading,1.0
parcel,1.0
ruling,1.0
easements,1.0
tree,1.0
correctly,1.0
math,1.0
stopping,1.0
recouped,1.0
expansions,1.0
inclination,1.0
saver,1.0
conveyance,1.0
undisclosed,1.0
bishop,1.0
indexes,1.0
foster,1.0
claim,1.0
saved,1.0
expertise,1.0
iminent,1.0
21442,1.0
ways,1.0
reverting,1.0
thereafter,1.0
hedgers,1.0
10th,1.0
inquire,1.0
abreast,1.0
contracted,1.0
eb3270,1.0
elizondo,1.0
helped,1.0
recommendation,1.0
salaries,1.0
runoff,1.0
isssues,1.0
resend,1.0
lost,1.0
brainstorming,1.0
somehow,1.0
checklist,1.0
sample,1.0
newsletter,1.0
edition,1.0
benefit,1.0
reservoirs,1.0
declaration,1.0
suffers,1.0
holder,1.0
favorable,1.0
standards,1.0
biological,1.0
keiths,1.0
accomodate,1.0
sooner,1.0
underway,1.0
triggered,1.0
lamkin,1.0
attracting,1.0
ms,1.0
auditors,1.0
albuquerque,1.0
retransmission,1.0
reliance,1.0
87113,1.0
zarin,1.0
imam,1.0
sender,1.0
rentrolls,1.0
steps,1.0
misplace,1.0
triangle,1.0
finer,1.0
promising,1.0
leaning,1.0
shifted,1.0
slightly,1.0
gilbert,1.0
swich,1.0
120,1.0
moreno,1.0
tweaking,1.0
requred,1.0
mechanism,1.0
constitutes,1.0
defining,1.0
favoring,1.0
senior,1.0
frwy,1.0
pan,1.0
8725,1.0
210k,1.0
safety,1.0
740k,1.0
225,1.0
hazard,1.0
individually,1.0
andreas,1.0
repaired,1.0
ziegelaar,1.0
rohan,1.0
relating,1.0
articles,1.0
smeltering,1.0
bharat,1.0
lacrecia,1.0
remainder,1.0
specialized,1.0
billing,1.0
interruptible,1.0
expedited,1.0
rfp,1.0
dirk,1.0
seemed,1.0
mba,1.0
explanation,1.0
nov,1.0
chat,1.0
740,1.0
channel,1.0
static,1.0
river,1.0
producers,1.0
envisioning,1.0
slope,1.0
roofs,1.0
927,1.0
916,1.0
valero,1.0
krs,1.0
51,1.0
2747,1.0
ran,1.0
recorded,1.0
251,1.0
896,1.0
209,1.0
kingwood,1.0
happenings,1.0
sister,1.0
poisonous,1.0
strain,1.0
mold,1.0
christmas,1.0
spending,1.0
art,1.0
researched,1.0
supported,1.0
dependent,1.0
envision,1.0
kid,1.0
guestroom,1.0
20a,1.0
pool,1.0
outdoor,1.0
orient,1.0
4865,1.0
plenty,1.0
remodeled,1.0
renovated,1.0
faces,1.0
serial,1.0
refrigerators,1.0
conditioners,1.0
skylights,1.0
warming,1.0
emphasize,1.0
overages,1.0
6478,1.0
303,1.0
dispatch,1.0
sensitivities,1.0
valuable,1.0
subscribed,1.0
subscriptions,1.0
20k,1.0
pose,1.0
went,1.0
ordering,1.0
defendant,1.0
named,1.0
reaped,1.0
vocal,1.0
collar,1.0
instate,1.0
governed,1.0
juice,1.0
900,1.0
abundant,1.0
british,1.0
subsidiary,1.0
degen,1.0
installation,1.0
familiar,1.0
threatened,1.0
deficit,1.0
faced,1.0
100,1.0
turbines,1.0
therein,1.0
gunther,1.0
installing,1.0
implemented,1.0
stores,1.0
store,1.0
lawsuit,1.0
inspecting,1.0
chula,1.0
alleging,1.0
corresponding,1.0
dire,1.0
collapsing,1.0
statewide,1.0
interrupted,1.0
declared,1.0
national,1.0
eix,1.0
warned,1.0
sre,1.0
pcg,1.0
grow,1.0
compete,1.0
flowing,1.0
whose,1.0
declare,1.0
proprietary,1.0
absorb,1.0
leopold,1.0
1318gmt,1.0
parallon,1.0
cheap,1.0
hydropower,1.0
duk,1.0
gouging,1.0
varies,1.0
hurdles,1.0
pumps,1.0
polluting,1.0
feasibility,1.0
coast,1.0
receipted,1.0
gate,1.0
200k,1.0
deployed,1.0
output,1.0
alamitos,1.0
pushing,1.0
redondo,1.0
guaranteeing,1.0
refused,1.0
backwards,1.0
face,1.0
bending,1.0
2009,1.0
sued,1.0
trumps,1.0
amortized,1.0
elected,1.0
emergencies,1.0
fluctuations,1.0
exposure,1.0
ldc,1.0
boiler,1.0
feedwater,1.0
beck,1.0
nox,1.0
spend,1.0
burnertip,1.0
227,1.0
collapse,1.0
moss,1.0
landing,1.0
legitimate,1.0
inspections,1.0
outages,1.0
shutdowns,1.0
105891,1.0
organizations,1.0
visitors,1.0
unannounced,1.0
413,1.0
aaron,1.0
expired,1.0
dns,1.0
nitrogen,1.0
lose,1.0
etter,1.0
oxide,1.0
models,1.0
numerous,1.0
nights,1.0
midnight,1.0
consumed,1.0
kelsey,1.0
ranger,1.0
isp,1.0
cold,1.0
adults,1.0
messages,1.0
gone,1.0
mccoy,1.0
overnighted,1.0
explained,1.0
restrictions,1.0
limit,1.0
carlson,1.0
billw,1.0
ellery,1.0
bellery,1.0
escalante,1.0
647083,1.0
rescalante,1.0
gates,1.0
baker,1.0
cabaker,1.0
carter,1.0
hatton,1.0
kebler,1.0
parquet,1.0
gosselin,1.0
fernley,1.0
kerner,1.0
dkk,1.0
wknow,1.0
correlates,1.0
1996,1.0
stable,1.0
handoffs,1.0
processes,1.0
suggestions,1.0
balancing,1.0
accelerated,1.0
175,1.0
3pm,1.0
undercollected,1.0
wendy,1.0
normally,1.0
pursuant,1.0
aspects,1.0
initially,1.0
recognizes,1.0
generating,1.0
undercollection,1.0
vi,1.0
generated,1.0
distributions,1.0
shareholders,1.0
repurchased,1.0
vii,1.0
viii,1.0
annually,1.0
remained,1.0
nelsen,1.0
passcode,1.0
makes,1.0
lale,1.0
jim123,1.0
joer,1.0
stout,1.0
weisgall,1.0
jweisgall,1.0
castillo,1.0
ccastillo,1.0
kellyl,1.0
khoffman,1.0
fickett,1.0
kfickett,1.0
palmerton,1.0
forex,1.0
alleviate,1.0
coal,1.0
precip,1.0
gasoline,1.0
commodities,1.0
respective,1.0
mckay,1.0
zufferli,1.0
mcfadden,1.0
authorizing,1.0
soos,1.0
learned,1.0
colorado,1.0
aircard,1.0
montana,1.0
refer,1.0
ronan,1.0
20mins,1.0
dnelsen,1.0
stewart,1.0
tomeo,1.0
koch,1.0
ccalger,1.0
oh,1.0
eileenk,1.0
explaining,1.0
eisenman,1.0
pressing,1.0
derosa,1.0
blue,1.0
boyd,1.0
pigott,1.0
willey,1.0
transferring,1.0
150,1.0
magnews,1.0
elliottsa,1.0
greco,1.0
jgreco,1.0
marketers,1.0
lagrasta,1.0
frequently,1.0
overcollected,1.0
grey,1.0
messed,1.0
reg,1.0
glwaas,1.0
gavaughn,1.0
jmpa,1.0
jdasovic,1.0
foothill,1.0
expensive,1.0
camiessn,1.0
jcgardin,1.0
jsmollon,1.0
rsnichol,1.0
overqualified,1.0
dickson,1.0
w2,1.0
scrutiny,1.0
returns,1.0
99,1.0
98,1.0
additions,1.0
disagreements,1.0
stab,1.0
lawner,1.0
commentary,1.0
instituted,1.0
suspension,1.0
leases,1.0
measures,1.0
cournie,1.0
billr,1.0
parker,1.0
evaluate,1.0
justin,1.0
toys,1.0
solutions,1.0
breathable,1.0
8774820206,1.0
returning,1.0
hire,1.0
male,1.0
readies,1.0
lawn,1.0
surely,1.0
necessarily,1.0
ke9davis,1.0
ultra,1.0
lowest,1.0
requires,1.0
justify,1.0
115k,1.0
reconsider,1.0
titled,1.0
neustaedter,1.0
berry,1.0
lies,1.0
dcazalet,1.0
495,1.0
extends,1.0
exercised,1.0
renew,1.0
initiatives,1.0
consists,1.0
jump,1.0
tv,1.0
placing,1.0
red,1.0
millions,1.0
pkaufma,1.0
novosel,1.0
77,1.0
md,1.0
mentality,1.0
eliminated,1.0
liason,1.0
cuts,1.0
courses,1.0
totaling,1.0
stockholders,1.0
bonuses,1.0
lead,1.0
suspended,1.0
mechanisms,1.0
imbalances,1.0
stranded,1.0
accurately,1.0
recovery,1.0
adopted,1.0
containment,1.0
draws,1.0
iv,1.0
sabbaticals,1.0
absences,1.0
grief,1.0
clauses,1.0
respect,1.0
inquiries,1.0
default,1.0
becoming,1.0
payable,1.0
statutory,1.0
gave,1.0
superintendents,1.0
insert,1.0
agencies,1.0
downgraded,1.0
supervisors,1.0
supers,1.0
rated,1.0
majority,1.0
grade,1.0
incidental,1.0
iii,1.0
junior,1.0
definitions,1.0
supplied,1.0
woods,1.0
slb,1.0
conveyed,1.0
fitness,1.0
judging,1.0
girl,1.0
evelyn,1.0
soccer,1.0
cole,1.0
coordination,1.0
intense,1.0
mrha,1.0
fanatical,1.0
cyclist,1.0
twice,1.0
misses,1.0
shine,1.0
sometimes,1.0
congratulations,1.0
tempted,1.0
sumas,1.0
felix,1.0
amw,1.0
ultimatley,1.0
tremendous,1.0
preaching,1.0
underestimate,1.0
rogers,1.0
ke7davis,1.0
jobs,1.0
synergi,1.0
3210b,1.0
convenient,1.0
collecting,1.0
expansion,1.0
adding,1.0
trails,1.0
saturdays,1.0
mountain,1.0
ticket,1.0
substantially,1.0
losses,1.0
gains,1.0
systematic,1.0
ideal,1.0
operational,1.0
251327,1.0
biking,1.0
159540,1.0
265229,1.0
106300,1.0
201756,1.0
273,1.0
rec,1.0
questar,1.0
injections,1.0
withdrawals,1.0
153771,1.0
231321,1.0
139197,1.0
139196,1.0
139195,1.0
impacts,1.0
paths,1.0
seeing,1.0
affects,1.0
reallocate,1.0
loss,1.0
ignore,1.0
strange,1.0
dust,1.0
np,1.0
farm,1.0
hook,1.0
torrey,1.0
forever,1.0
downloadable,1.0
favorites,1.0
30th,1.0
27279,1.0
silicon,1.0
moorer,1.0
suresh,1.0
5,1.0
bridged,1.0
drain,1.0
mick,1.0
eb3299d,1.0
undercuts,1.0
mission,1.0
wrapping,1.0
sitting,1.0
confluence,1.0
away,1.0
hops,1.0
fiber,1.0
optic,1.0
backbones,1.0
consume,1.0
optionality,1.0
vendor,1.0
software,1.0
caminus,1.0
eventually,1.0
avenue,1.0
deltas,1.0
provider,1.0
hedge,1.0
marginal,1.0
transfers,1.0
uninstructed,1.0
northern,1.0
munis,1.0
smud,1.0
1500,1.0
sc,1.0
boise,1.0
margin,1.0
porltand,1.0
np15,1.0
gw,1.0
deliver,1.0
hl,1.0
ueg,1.0
instructed,1.0
generates,1.0
pulling,1.0
siginificant,1.0
suffice,1.0
rude,1.0
ultimately,1.0
delay,1.0
cemms,1.0
awakening,1.0
dicey,1.0
suarez,1.0
shame,1.0
fridays,1.0
dana,1.0
hopley,1.0
renovation,1.0
543,1.0
gr,1.0
dropping,1.0
1438,1.0
coach,1.0
booked,1.0
disney,1.0
birthdays,1.0
foundation,1.0
overlap,1.0
addresses,1.0
parents,1.0
10545,1.0
gawain,1.0
77024,1.0
6201,1.0
meadow,1.0
lake,1.0
smiling,1.0
beat,1.0
rvr,1.0
collars,1.0
involving,1.0
rolled,1.0
disallowance,1.0
mandate,1.0
portfolio,1.0
indexed,1.0
guaranteed,1.0
birthday,1.0
diff,1.0
investigation,1.0
pga,1.0
villa,1.0
chelsea,1.0
remembering,1.0
77057,1.0
webber,1.0
premier,1.0
treat,1.0
464,1.0
581,1.0
53,1.0
4801,1.0
4085,1.0
2929,1.0
77845,1.0
1425,1.0
rd,1.0
pate,1.0
4303,1.0
1178,1.0
subdivided,1.0
ville,1.0
assisting,1.0
pandya,1.0
introduce,1.0
3127,1.0
3187,1.0
3428,1.0
fridge,1.0
2770,1.0
1406,1.0
listing,1.0
1410,1.0
crumps,1.0
1411,1.0
1415,1.0
papes,1.0
1416,1.0
1417,1.0
quantities,1.0
shorts,1.0
longs,1.0
trial,1.0
attendance,1.0
combined,1.0
marketing,1.0
self,1.0
transporation,1.0
register,1.0
explore,1.0
reserved,1.0
competitors,1.0
ofo,1.0
formats,1.0
statistical,1.0
interstate,1.0
select,1.0
evh3jy,1.0
er93fx,1.0
epexwx,1.0
ward,1.0
fsd,1.0
participation,1.0
stumbled,1.0
lehmann,1.0
1308,1.0
richardson,1.0
rkymtn,1.0
philllip,1.0
apply,1.0
771,1.0
235,1.0
333,1.0
329,1.0
profile,1.0
established,1.0
preparation,1.0
correlation,1.0
proposals,1.0
pitch,1.0
enhancing,1.0
costly,1.0
pursue,1.0
brokering,1.0
investigate,1.0
strongly,1.0
municipals,1.0
differently,1.0
systematically,1.0
targets,1.0
armstrong,1.0
zub,1.0
perceive,1.0
ethical,1.0
scratch,1.0
polite,1.0
zuniga,1.0
pc,1.0
installers,1.0
duplex,1.0
footage,1.0
warehousing,1.0
brokered,1.0
mrl,1.0
1233,1.0
tolling,1.0
4000mw,1.0
sf,1.0
sukaly,1.0
abovenet,1.0
globix,1.0
hostpro,1.0
410,1.0
helpdesk,1.0
logging,1.0
filter,1.0
yj53ku42,1.0
gna45925,1.0
studio,1.0
niles,1.0
646,1.0
motley,1.0
conducted,1.0
gaskill,1.0
fundamentals,1.0
watching,1.0
alberto,1.0
2391,1.0
refax,1.0
timely,1.0
natgas,1.0
loading,1.0
directions,1.0
bar,1.0
scroll,1.0
irm,1.0
935,1.0
phy,1.0
telerate,1.0
fwd,1.0
installer,1.0
4357,1.0
requester,1.0
th,1.0
1282,1.0
yahoo,1.0
turned,1.0
prudency,1.0
cig,1.0
booming,1.0
ss4,1.0
interactive,1.0
porter,1.0
lately,1.0
experts,1.0
nine,1.0
2023,1.0
outsource,1.0
providers,1.0
places,1.0
causing,1.0
hubs,1.0
plain,1.0
perplexed,1.0
accelerates,1.0
quantum,1.0
stunned,1.0
vouch,1.0
employer,1.0
imperative,1.0
stickers,1.0
valid,1.0
vehicles,1.0
vehicle,1.0
2008,1.0
2006,1.0
sept,1.0
pud,1.0
county,1.0
clark,1.0
reopen,1.0
organizes,1.0
midmarkets,1.0
thanxs,1.0
ivoice,1.0
119,1.0
tune,1.0
ffice,1.0
steelman,1.0
produc,1.0
alot,1.0
outst,1.0
undervalued,1.0
tht,1.0
iwill,1.0
exercising,1.0
weber,1.0
multiple,1.0
stove,1.0
frig,1.0
centerck,1.0
appliance,1.0
1429,1.0
pd,1.0
thanx,1.0
violation,1.0
fowl,1.0
nat,1.0
staying,1.0
devil,1.0
bulletin,1.0
advocate,1.0
invading,1.0
ants,1.0
worried,1.0
jdsu,1.0
sdli,1.0
prints,1.0
griffith,1.0
kate,1.0
headcount,1.0
besides,1.0
locations,1.0
postings,1.0
breese,1.0
advantage,1.0
mct,1.0
ot,1.0
rented,1.0
settled,1.0
recordkeeping,1.0
timesheets,1.0
paychecks,1.0
hsc,1.0
converting,1.0
favorably,1.0
domain,1.0
reuters,1.0
modifications,1.0
expost,1.0
subtract,1.0
bev,1.0
conflicts,1.0
replaces,1.0
width,1.0
narrow,1.0
beside,1.0
drag,1.0
365,1.0
recalc,1.0
interventions,1.0
clip,1.0
internal,1.0
elena,1.0
gateway,1.0
stella,1.0
yolanda,1.0
karl,1.0
claudette,1.0
terrellyn,1.0
sherri,1.0
cristina,1.0
mall,1.0
maxine,1.0
luann,1.0
ana,1.0
deana,1.0
dusty,1.0
vasant,1.0
six,1.0
refineries,1.0
cliff,1.0
mmiller3,1.0
rodney,1.0
randal,1.0
phenomenon,1.0
rise,1.0
jaime,1.0
julia,1.0
veterans,1.0
scratching,1.0
heads,1.0
4th,1.0
enjoying,1.0
designed,1.0
warren,1.0
denys,1.0
footing,1.0
hrweb,1.0
directors,1.0
furious,1.0
responsibilities,1.0
skills,1.0
education,1.0
sprouting,1.0
intranet,1.0
gerry,1.0
sites,1.0
template,1.0
ease,1.0
networking,1.0
schultea,1.0
x33841,1.0
presidents,1.0
pace,1.0
prc,1.0
success,1.0
spirit,1.0
ventures,1.0
requesting,1.0
445,1.0
jae,1.0
southcenter,1.0
crystal,1.0
taffy,1.0
dina,1.0
anabel,1.0
erica,1.0
joya,1.0
lorie,1.0
representative,1.0
enroll,1.0
ng,1.0
icg,1.0
hey,1.0
staffing,1.0
coordinator,1.0
pac,1.0
netstream,1.0
3rd,1.0
muzzy,1.0
joel,1.0
badeer,1.0
chief,1.0
laurent,1.0
boasts,1.0
dallas,1.0
defense,1.0
telecomm,1.0
zama,1.0
networks,1.0
arena,1.0
2022,1.0
fromjune,1.0
3000,1.0
2010,1.0
3750,1.0
nominal,1.0
spokane,1.0
listening,1.0
chen,1.0
pictures,1.0
continues,1.0
escalate,1.0
kuykendahl,1.0
elsa,1.0
containing,1.0
effectiveness,1.0
improves,1.0
constant,1.0
organize,1.0
cems,1.0
lucrative,1.0
scrap,1.0
appetite,1.0
amazing,1.0
boeing,1.0
schools,1.0
businesses,1.0
council,1.0
enrolled,1.0
mandated,1.0
marks,1.0
stream,1.0
flood,1.0
exorbitant,1.0
dense,1.0
stadium,1.0
lights,1.0
football,1.0
medical,1.0
lutz,1.0
spoken,1.0
prepayments,1.0
averages,1.0
injuries,1.0
nursing,1.0
century,1.0
x33198,1.0
counterparties,1.0
liz,1.0
rivera,1.0
ac,1.0
deshonda,1.0
officially,1.0
engage,1.0
references,1.0
sambuca,1.0
invite,1.0
forgive,1.0
hamilton,1.0
step,1.0
megan,1.0
berney,1.0
robin,1.0
pam,1.0
corry,1.0
patricia,1.0
contacted,1.0
logical,1.0
defined,1.0
socalgas,1.0
privilege,1.0
copying,1.0
agents,1.0
strictly,1.0
notify,1.0
sdg,1.0
postponed,1.0
engaging,1.0
finalize,1.0
competive,1.0
determination,1.0
blanks,1.0
counter,1.0
incentives,1.0
jerry,1.0
carmen,1.0
morris,1.0
patrice,1.0
deb,1.0
lindsay,1.0
blanca,1.0
gretchen,1.0
molly,1.0
deirdre,1.0
yvette,1.0
karla,1.0
janice,1.0
shahnaz,1.0
gerald,1.0
anita,1.0
dutch,1.0
benjamin,1.0
troy,1.0
lynna,1.0
tana,1.0
rhett,1.0
georgeanne,1.0
dorie,1.0
tosha,1.0
alisa,1.0
mathew,1.0
stacy,1.0
barton,1.0
humberto,1.0
kurt,1.0
nony,1.0
laynie,1.0
rufino,1.0
edith,1.0
applicable,1.0
waiver,1.0
constitute,1.0
tosco,1.0
slot,1.0
deserves,1.0
lotus,1.0
2601,1.0
mtg,1.0
krishnaswamy,1.0
unsure,1.0
factors,1.0
recovered,1.0
swain,1.0
et,1.0
digging,1.0
intuition,1.0
absolutely,1.0
proportionately,1.0
urging,1.0
words,1.0
residual,1.0
ratepayers,1.0
amend,1.0
linked,1.0
triggering,1.0
involuntary,1.0
creditor,1.0
pas,1.0
15th,1.0
rejection,1.0
trigger,1.0
promoting,1.0
advocates,1.0
victory,1.0
adjusting,1.0
forecasters,1.0
unintended,1.0
continuing,1.0
sharply,1.0
curtailing,1.0
pin,1.0
industrials,1.0
ripple,1.0
realized,1.0
becomes,1.0
estimating,1.0
commitments,1.0
numer,1.0
jhershey,1.0
transact,1.0
calculations,1.0
203,1.0
announced,1.0
recently,1.0
mining,1.0
possibly,1.0
sep,1.0
smelter,1.0
iid,1.0
89,1.0
attainable,1.0
depress,1.0
exceeding,1.0
perhaps,1.0
likelihood,1.0
promoted,1.0
aimed,1.0
signals,1.0
decrease,1.0
janelle,1.0
sara,1.0
caroline,1.0
inline,1.0
unverified,1.0
technologies,1.0
smtprs,1.0
tac1c0a2752962e2481,1.0
serialize,1.0
router,1.0
lumber,1.0
dampen,1.0
pine,1.0
fir,1.0
spruce,1.0
2x12,1.0
rafters,1.0
engineered,1.0
f2tfg2l03725,1.0
pab09150,1.0
smtpsvc,1.0
transcript,1.0
intent,1.0
distort,1.0
discounting,1.0
thrilled,1.0
outline,1.0
primitive,1.0
supervision,1.0
structured,1.0
221,1.0
role,1.0
located,1.0
stairwell,1.0
pedestrians,1.0
trusses,1.0
ceiling,1.0
transponder,1.0
door,1.0
ins,1.0
stainless,1.0
cast,1.0
prewired,1.0
indoors,1.0
outdoors,1.0
drawer,1.0
batts,1.0
pulls,1.0
cedar,1.0
decking,1.0
railings,1.0
painfully,1.0
drawn,1.0
sinks,1.0
sink,1.0
pedestal,1.0
label,1.0
bannister,1.0
underlay,1.0
hardi,1.0
plywood,1.0
cracking,1.0
prevent,1.0
stool,1.0
turbine,1.0
vents,1.0
venting,1.0
ridge,1.0
cellulose,1.0
blown,1.0
packet,1.0
card,1.0
mitch,1.0
clarissa,1.0
rosie,1.0
mathis,1.0
lawrence,1.0
rene,1.0
eng,1.0
irene,1.0
alton,1.0
joanie,1.0
roberto,1.0
hal,1.0
sam,1.0
jarod,1.0
wenyao,1.0
kori,1.0
walt,1.0
bridgette,1.0
magdelena,1.0
diane,1.0
audrey,1.0
marilyn,1.0
anthony,1.0
wilma,1.0
gloria,1.0
susie,1.0
jacqueline,1.0
emily,1.0
shiji,1.0
samuel,1.0
victoria,1.0
geoff,1.0
cris,1.0
duong,1.0
kara,1.0
arrangements,1.0
served,1.0
francisco,1.0
pinto,1.0
pamela,1.0
louis,1.0
raquel,1.0
offered,1.0
subsidy,1.0
thuha,1.0
connects,1.0
parkers,1.0
entrance,1.0
stairways,1.0
lobbies,1.0
accepting,1.0
dejoun,1.0
gwendolyn,1.0
jessie,1.0
rennu,1.0
adarsh,1.0
khadiza,1.0
connie,1.0
alfonso,1.0
mable,1.0
omar,1.0
rex,1.0
vanessa,1.0
mechelle,1.0
sai,1.0
sherlyn,1.0
drew,1.0
reina,1.0
purpose,1.0
clarified,1.0
collected,1.0
cortez,1.0
explains,1.0
discounts,1.0
hesitate,1.0
212,1.0
lucci,1.0
niccole,1.0
executable,1.0
discounted,1.0
shampooer,1.0
withholding,1.0
social,1.0
appeal,1.0
skilling,1.0
wright,1.0
block,1.0
phoenix,1.0
taxpayers,1.0
context,1.0
southwest,1.0
regions,1.0
begins,1.0
covering,1.0
nv,1.0
az,1.0
primary,1.0
hotel,1.0
secondary,1.0
topock,1.0
workshop,1.0
element,1.0
arizona,1.0
biltmore,1.0
amelia,1.0
applaud,1.0
cycle,1.0
284x6,1.0
selected,1.0
pieces,1.0
urls,1.0
rugs,1.0
282x3,1.0
2x3,1.0
289,1.0
saves,1.0
sofas,1.0
chairs,1.0
occasional,1.0
tables,1.0
dining,1.0
clearance,1.0
effectively,1.0
mmitchm,1.0
granting,1.0
turnaround,1.0
slow,1.0
taxes,1.0
totals,1.0
maryrichards7,1.0
olinger,1.0
wolf,1.0
doublecheck,1.0
pedalling,1.0
storing,1.0
responsibility,1.0
accommodate,1.0
healthy,1.0
pollution,1.0
commenced,1.0
deliverables,1.0
methodology,1.0
pulled,1.0
competition,1.0
hero,1.0
featuring,1.0
band,1.0
teenage,1.0
testers,1.0
parallel,1.0
creator,1.0
justifying,1.0
fate,1.0
earth,1.0
mongorr,1.0
merciful,1.0
evil,1.0
bidding,1.0
summaries,1.0
0,1.0
creek,1.0
renamed,1.0
yates,1.0
broken,1.0
idled,1.0
valve,1.0
sparkplugs,1.0
preview,1.0
horizontally,1.0
vertically,1.0
portrait,1.0
menu,1.0
yard,1.0
collection,1.0
legendary,1.0
spiderman,1.0
outlines,1.0
focuses,1.0
prizes,1.0
17094,1.0
imelda,1.0
switch,1.0
fraser,1.0
jen,1.0
announces,1.0
incredible,1.0
continuation,1.0
parts,1.0
representing,1.0
discrete,1.0
insights,1.0
pdf,1.0
win,1.0
links,1.0
clips,1.0
song,1.0
bios,1.0
photos,1.0
variety,1.0
artists,1.0
1000s,1.0
scoop,1.0
mp3s,1.0
watch,1.0
exclusively,1.0
series,1.0
episode,1.0
mm,1.0
hulk,1.0
valentine,1.0
gifts,1.0
hillcountry,1.0
rescheduled,1.0
unhedged,1.0
democrats,1.0
trailblazer,1.0
replenish,1.0
37031,1.0
relay,1.0
discloses,1.0
concession,1.0
annoy,1.0
generator,1.0
breach,1.0
whereby,1.0
eat,1.0
thereby,1.0
caucus,1.0
2003,1.0
caucuses,1.0
apart,1.0
2005,1.0
vote,1.0
scrubbing,1.0
hubert,1.0
holds,1.0
walsh,1.0
britt,1.0
claudio,1.0
repayment,1.0
disbursement,1.0
markup,1.0
ultimate,1.0
involvement,1.0
decreasing,1.0
crim,1.0
individuals,1.0
625,1.0
eb2556,1.0
lenders,1.0
jp,1.0
morgan,1.0
bear,1.0
stearns,1.0
exempt,1.0
talked,1.0
taxable,1.0
blended,1.0
ir,1.0
maturity,1.0
frame,1.0
authorizations,1.0
referenced,1.0
issuing,1.0
stated,1.0
strickland,1.0
eb2537,1.0
instance,1.0
bs,1.0
cause,1.0
states,1.0
relevant,1.0
amended,1.0
districts,1.0
community,1.0
republican,1.0
assembly,1.0
stalled,1.0
recordable,1.0
permitting,1.0
recording,1.0
concept,1.0
hopping,1.0
needle,1.0
h430297053x351629,1.0
lick,1.0
handsome,1.0
prince,1.0
ss,1.0
h430297053x351630,1.0
wan,1.0
horrible,1.0
boss,1.0
beautiful,1.0
feature,1.0
missiles,1.0
falling,1.0
greatest,1.0
operates,1.0
kick,1.0
trap,1.0
addictive,1.0
thousand,1.0
execution,1.0
restrict,1.0
stack,1.0
neuner,1.0
mistake,1.0
enrollment,1.0
mock,1.0
lastname,1.0
firstname,1.0
3052970,1.0
relaxed,1.0
h430297053x351631,1.0
na,1.0
listens,1.0
joined,1.0
apologize,1.0
attempts,1.0
9001,1.0
naomi,1.0
apte,1.0
represented,1.0
fallon,1.0
straight,1.0
excellent,1.0
unrepresented,1.0
dmccarty,1.0
historical,1.0
bcc,1.0
attempting,1.0
method,1.0
removal,1.0
h430297053x351634,1.0
h430297053x351640,1.0
playing,1.0
h430297053x351633,1.0
loverboy,1.0
alive,1.0
soul,1.0
clubs,1.0
machines,1.0
atari,1.0
souls,1.0
h430297053x351632,1.0
bugs,1.0
score,1.0
crack,1.0
middle,1.0